[0928/131251.141:ERROR:components\viz\service\frame_sinks\frame_sink_manager_impl.cc:1285] SurfaceAnimationManager missing for |transition_token| : (037B0F6C6A0F2BDAF3FDBC2235DF11F5)
[0928/131251.148:ERROR:components\viz\service\transitions\surface_animation_manager.cc:274] No SurfaceAnimationManager for token : 037B0F6C6A0F2BDAF3FDBC2235DF11F5
[0928/131251.149:ERROR:components\viz\service\transitions\surface_animation_manager.cc:274] No SurfaceAnimationManager for token : 037B0F6C6A0F2BDAF3FDBC2235DF11F5
[0928/131251.174:ERROR:components\viz\service\transitions\surface_animation_manager.cc:274] No SurfaceAnimationManager for token : 037B0F6C6A0F2BDAF3FDBC2235DF11F5
[0928/131251.174:ERROR:components\viz\service\transitions\surface_animation_manager.cc:274] No SurfaceAnimationManager for token : 037B0F6C6A0F2BDAF3FDBC2235DF11F5
[0928/131251.174:ERROR:components\viz\service\transitions\surface_animation_manager.cc:274] No SurfaceAnimationManager for token : 037B0F6C6A0F2BDAF3FDBC2235DF11F5
[0928/131251.207:ERROR:components\viz\service\transitions\surface_animation_manager.cc:274] No SurfaceAnimationManager for token : 037B0F6C6A0F2BDAF3FDBC2235DF11F5
[0928/131251.207:ERROR:components\viz\service\transitions\surface_animation_manager.cc:274] No SurfaceAnimationManager for token : 037B0F6C6A0F2BDAF3FDBC2235DF11F5
[0928/131251.207:ERROR:components\viz\service\transitions\surface_animation_manager.cc:274] No SurfaceAnimationManager for token : 037B0F6C6A0F2BDAF3FDBC2235DF11F5
[0928/131251.340:ERROR:components\viz\service\frame_sinks\frame_sink_manager_impl.cc:1285] SurfaceAnimationManager missing for |transition_token| : (AEA9ACC67C52D1D6E93B9BF6306D997B)
[0928/131251.340:ERROR:components\viz\service\transitions\surface_animation_manager.cc:274] No SurfaceAnimationManager for token : AEA9ACC67C52D1D6E93B9BF6306D997B
[0928/131251.340:ERROR:components\viz\service\transitions\surface_animation_manager.cc:274] No SurfaceAnimationManager for token : AEA9ACC67C52D1D6E93B9BF6306D997B
[0928/131251.361:ERROR:components\viz\service\transitions\surface_animation_manager.cc:274] No SurfaceAnimationManager for token : AEA9ACC67C52D1D6E93B9BF6306D997B
[0928/131251.361:ERROR:components\viz\service\transitions\surface_animation_manager.cc:274] No SurfaceAnimationManager for token : AEA9ACC67C52D1D6E93B9BF6306D997B
[0928/131251.368:ERROR:components\viz\service\transitions\surface_animation_manager.cc:274] No SurfaceAnimationManager for token : AEA9ACC67C52D1D6E93B9BF6306D997B
[0928/131251.368:ERROR:components\viz\service\transitions\surface_animation_manager.cc:274] No SurfaceAnimationManager for token : AEA9ACC67C52D1D6E93B9BF6306D997B
[0928/131251.383:ERROR:components\viz\service\transitions\surface_animation_manager.cc:274] No SurfaceAnimationManager for token : AEA9ACC67C52D1D6E93B9BF6306D997B
[0928/131251.384:ERROR:components\viz\service\transitions\surface_animation_manager.cc:274] No SurfaceAnimationManager for token : AEA9ACC67C52D1D6E93B9BF6306D997B
[0928/131251.384:ERROR:components\viz\service\transitions\surface_animation_manager.cc:274] No SurfaceAnimationManager for token : AEA9ACC67C52D1D6E93B9BF6306D997B
[0928/131251.485:ERROR:components\viz\service\transitions\surface_animation_manager.cc:274] No SurfaceAnimationManager for token : AEA9ACC67C52D1D6E93B9BF6306D997B
[0928/131251.485:ERROR:components\viz\service\transitions\surface_animation_manager.cc:274] No SurfaceAnimationManager for token : AEA9ACC67C52D1D6E93B9BF6306D997B
[0928/131251.485:ERROR:components\viz\service\transitions\surface_animation_manager.cc:274] No SurfaceAnimationManager for token : AEA9ACC67C52D1D6E93B9BF6306D997B
[0928/131251.572:ERROR:components\viz\service\transitions\surface_animation_manager.cc:274] No SurfaceAnimationManager for token : AEA9ACC67C52D1D6E93B9BF6306D997B
[0928/131251.572:ERROR:components\viz\service\transitions\surface_animation_manager.cc:274] No SurfaceAnimationManager for token : AEA9ACC67C52D1D6E93B9BF6306D997B
[0928/131251.572:ERROR:components\viz\service\transitions\surface_animation_manager.cc:274] No SurfaceAnimationManager for token : AEA9ACC67C52D1D6E93B9BF6306D997B
[0928/131251.661:ERROR:components\viz\service\transitions\surface_animation_manager.cc:274] No SurfaceAnimationManager for token : AEA9ACC67C52D1D6E93B9BF6306D997B
[0928/131251.661:ERROR:components\viz\service\transitions\surface_animation_manager.cc:274] No SurfaceAnimationManager for token : AEA9ACC67C52D1D6E93B9BF6306D997B
[0928/131251.661:ERROR:components\viz\service\transitions\surface_animation_manager.cc:274] No SurfaceAnimationManager for token : AEA9ACC67C52D1D6E93B9BF6306D997B
[0928/131251.765:ERROR:components\viz\service\transitions\surface_animation_manager.cc:274] No SurfaceAnimationManager for token : AEA9ACC67C52D1D6E93B9BF6306D997B
[0928/131251.765:ERROR:components\viz\service\transitions\surface_animation_manager.cc:274] No SurfaceAnimationManager for token : AEA9ACC67C52D1D6E93B9BF6306D997B
[0928/131251.765:ERROR:components\viz\service\transitions\surface_animation_manager.cc:274] No SurfaceAnimationManager for token : AEA9ACC67C52D1D6E93B9BF6306D997B
[0928/131251.883:ERROR:components\viz\service\transitions\surface_animation_manager.cc:274] No SurfaceAnimationManager for token : AEA9ACC67C52D1D6E93B9BF6306D997B
[0928/131251.883:ERROR:components\viz\service\transitions\surface_animation_manager.cc:274] No SurfaceAnimationManager for token : AEA9ACC67C52D1D6E93B9BF6306D997B
[0928/131251.883:ERROR:components\viz\service\transitions\surface_animation_manager.cc:274] No SurfaceAnimationManager for token : AEA9ACC67C52D1D6E93B9BF6306D997B
[0928/131251.956:ERROR:components\viz\service\transitions\surface_animation_manager.cc:274] No SurfaceAnimationManager for token : AEA9ACC67C52D1D6E93B9BF6306D997B
[0928/131251.956:ERROR:components\viz\service\transitions\surface_animation_manager.cc:274] No SurfaceAnimationManager for token : AEA9ACC67C52D1D6E93B9BF6306D997B
[0928/131251.956:ERROR:components\viz\service\transitions\surface_animation_manager.cc:274] No SurfaceAnimationManager for token : AEA9ACC67C52D1D6E93B9BF6306D997B
[0928/135032.060:ERROR:components\viz\service\frame_sinks\frame_sink_manager_impl.cc:1285] SurfaceAnimationManager missing for |transition_token| : (47B9537A6BB324DD4BA465E92427DAA0)
[0928/135032.060:ERROR:components\viz\service\transitions\surface_animation_manager.cc:274] No SurfaceAnimationManager for token : 47B9537A6BB324DD4BA465E92427DAA0
[0928/135032.060:ERROR:components\viz\service\transitions\surface_animation_manager.cc:274] No SurfaceAnimationManager for token : 47B9537A6BB324DD4BA465E92427DAA0
[0928/135032.061:ERROR:components\viz\service\transitions\surface_animation_manager.cc:274] No SurfaceAnimationManager for token : 47B9537A6BB324DD4BA465E92427DAA0
[0928/135032.061:ERROR:components\viz\service\transitions\surface_animation_manager.cc:274] No SurfaceAnimationManager for token : 47B9537A6BB324DD4BA465E92427DAA0
[0928/135032.061:ERROR:components\viz\service\transitions\surface_animation_manager.cc:274] No SurfaceAnimationManager for token : 47B9537A6BB324DD4BA465E92427DAA0
[0928/135032.170:ERROR:components\viz\service\transitions\surface_animation_manager.cc:274] No SurfaceAnimationManager for token : 47B9537A6BB324DD4BA465E92427DAA0
[0928/135032.170:ERROR:components\viz\service\transitions\surface_animation_manager.cc:274] No SurfaceAnimationManager for token : 47B9537A6BB324DD4BA465E92427DAA0
[0928/135032.170:ERROR:components\viz\service\transitions\surface_animation_manager.cc:274] No SurfaceAnimationManager for token : 47B9537A6BB324DD4BA465E92427DAA0
[0928/140629.695:ERROR:gpu\command_buffer\service\shared_image\shared_image_manager.cc:395] SharedImageManager::ProduceMemory: Trying to Produce a Memory representation from a non-existent mailbox.
[0928/140855.065:ERROR:components\viz\service\frame_sinks\frame_sink_manager_impl.cc:1285] SurfaceAnimationManager missing for |transition_token| : (26E62037E1BB036142F2B18B22D33B2F)
[0928/140855.066:ERROR:components\viz\service\transitions\surface_animation_manager.cc:274] No SurfaceAnimationManager for token : 26E62037E1BB036142F2B18B22D33B2F
[0928/140855.066:ERROR:components\viz\service\transitions\surface_animation_manager.cc:274] No SurfaceAnimationManager for token : 26E62037E1BB036142F2B18B22D33B2F
[0928/140855.075:ERROR:components\viz\service\transitions\surface_animation_manager.cc:274] No SurfaceAnimationManager for token : 26E62037E1BB036142F2B18B22D33B2F
[0928/140855.075:ERROR:components\viz\service\transitions\surface_animation_manager.cc:274] No SurfaceAnimationManager for token : 26E62037E1BB036142F2B18B22D33B2F
[0928/140855.075:ERROR:components\viz\service\transitions\surface_animation_manager.cc:274] No SurfaceAnimationManager for token : 26E62037E1BB036142F2B18B22D33B2F
[0928/140855.081:ERROR:components\viz\service\transitions\surface_animation_manager.cc:274] No SurfaceAnimationManager for token : 26E62037E1BB036142F2B18B22D33B2F
[0928/140855.083:ERROR:components\viz\service\transitions\surface_animation_manager.cc:274] No SurfaceAnimationManager for token : 26E62037E1BB036142F2B18B22D33B2F
[0928/140855.083:ERROR:components\viz\service\transitions\surface_animation_manager.cc:274] No SurfaceAnimationManager for token : 26E62037E1BB036142F2B18B22D33B2F
[0928/140855.091:ERROR:components\viz\service\transitions\surface_animation_manager.cc:274] No SurfaceAnimationManager for token : 26E62037E1BB036142F2B18B22D33B2F
[0928/140855.091:ERROR:components\viz\service\transitions\surface_animation_manager.cc:274] No SurfaceAnimationManager for token : 26E62037E1BB036142F2B18B22D33B2F
[0928/140855.091:ERROR:components\viz\service\transitions\surface_animation_manager.cc:274] No SurfaceAnimationManager for token : 26E62037E1BB036142F2B18B22D33B2F
[0928/140855.108:ERROR:components\viz\service\transitions\surface_animation_manager.cc:274] No SurfaceAnimationManager for token : 26E62037E1BB036142F2B18B22D33B2F
[0928/140855.108:ERROR:components\viz\service\transitions\surface_animation_manager.cc:274] No SurfaceAnimationManager for token : 26E62037E1BB036142F2B18B22D33B2F
[0928/140855.108:ERROR:components\viz\service\transitions\surface_animation_manager.cc:274] No SurfaceAnimationManager for token : 26E62037E1BB036142F2B18B22D33B2F
[0928/140855.124:ERROR:components\viz\service\transitions\surface_animation_manager.cc:274] No SurfaceAnimationManager for token : 26E62037E1BB036142F2B18B22D33B2F
[0928/140855.124:ERROR:components\viz\service\transitions\surface_animation_manager.cc:274] No SurfaceAnimationManager for token : 26E62037E1BB036142F2B18B22D33B2F
[0928/140855.124:ERROR:components\viz\service\transitions\surface_animation_manager.cc:274] No SurfaceAnimationManager for token : 26E62037E1BB036142F2B18B22D33B2F
[0928/140855.222:ERROR:components\viz\service\transitions\surface_animation_manager.cc:274] No SurfaceAnimationManager for token : 26E62037E1BB036142F2B18B22D33B2F
[0928/140855.222:ERROR:components\viz\service\transitions\surface_animation_manager.cc:274] No SurfaceAnimationManager for token : 26E62037E1BB036142F2B18B22D33B2F
[0928/140855.222:ERROR:components\viz\service\transitions\surface_animation_manager.cc:274] No SurfaceAnimationManager for token : 26E62037E1BB036142F2B18B22D33B2F
[0928/140855.232:ERROR:components\viz\service\transitions\surface_animation_manager.cc:274] No SurfaceAnimationManager for token : 26E62037E1BB036142F2B18B22D33B2F
[0928/140855.233:ERROR:components\viz\service\transitions\surface_animation_manager.cc:274] No SurfaceAnimationManager for token : 26E62037E1BB036142F2B18B22D33B2F
[0928/140855.233:ERROR:components\viz\service\transitions\surface_animation_manager.cc:274] No SurfaceAnimationManager for token : 26E62037E1BB036142F2B18B22D33B2F
[0928/140855.331:ERROR:components\viz\service\transitions\surface_animation_manager.cc:274] No SurfaceAnimationManager for token : 26E62037E1BB036142F2B18B22D33B2F
[0928/140855.331:ERROR:components\viz\service\transitions\surface_animation_manager.cc:274] No SurfaceAnimationManager for token : 26E62037E1BB036142F2B18B22D33B2F
[0928/140855.331:ERROR:components\viz\service\transitions\surface_animation_manager.cc:274] No SurfaceAnimationManager for token : 26E62037E1BB036142F2B18B22D33B2F
[0928/140855.412:ERROR:components\viz\service\transitions\surface_animation_manager.cc:274] No SurfaceAnimationManager for token : 26E62037E1BB036142F2B18B22D33B2F
[0928/140855.412:ERROR:components\viz\service\transitions\surface_animation_manager.cc:274] No SurfaceAnimationManager for token : 26E62037E1BB036142F2B18B22D33B2F
[0928/140855.412:ERROR:components\viz\service\transitions\surface_animation_manager.cc:274] No SurfaceAnimationManager for token : 26E62037E1BB036142F2B18B22D33B2F
[0928/140912.085:ERROR:gpu\command_buffer\service\shared_image\shared_image_manager.cc:395] SharedImageManager::ProduceMemory: Trying to Produce a Memory representation from a non-existent mailbox.
[0928/144512.876:ERROR:gpu\command_buffer\service\gl_utils.cc:430] [.WebGL-0x4634001c6800]GL Driver Message (OpenGL, Performance, GL_CLOSE_PATH_NV, High): GPU stall due to ReadPixels
[0928/144513.147:ERROR:gpu\command_buffer\service\gl_utils.cc:430] [.WebGL-0x4634001c6800]GL Driver Message (OpenGL, Performance, GL_CLOSE_PATH_NV, High): GPU stall due to ReadPixels
[0928/144513.190:ERROR:gpu\command_buffer\service\gl_utils.cc:430] [.WebGL-0x4634001c6800]GL Driver Message (OpenGL, Performance, GL_CLOSE_PATH_NV, High): GPU stall due to ReadPixels
[0928/144513.237:ERROR:gpu\command_buffer\service\gl_utils.cc:430] [.WebGL-0x4634001c6800]GL Driver Message (OpenGL, Performance, GL_CLOSE_PATH_NV, High): GPU stall due to ReadPixels (this message will no longer repeat)
[0928/144538.066:ERROR:gpu\command_buffer\service\gl_utils.cc:430] [.WebGL-0x4d7400784600]GL Driver Message (OpenGL, Performance, GL_CLOSE_PATH_NV, High): GPU stall due to ReadPixels
[0928/144538.296:ERROR:gpu\command_buffer\service\gl_utils.cc:430] [.WebGL-0x4d7400784600]GL Driver Message (OpenGL, Performance, GL_CLOSE_PATH_NV, High): GPU stall due to ReadPixels
[0928/144538.342:ERROR:gpu\command_buffer\service\gl_utils.cc:430] [.WebGL-0x4d7400784600]GL Driver Message (OpenGL, Performance, GL_CLOSE_PATH_NV, High): GPU stall due to ReadPixels
[0928/144538.398:ERROR:gpu\command_buffer\service\gl_utils.cc:430] [.WebGL-0x4d7400784600]GL Driver Message (OpenGL, Performance, GL_CLOSE_PATH_NV, High): GPU stall due to ReadPixels (this message will no longer repeat)
[0928/144604.129:ERROR:gpu\command_buffer\service\gl_utils.cc:430] [.WebGL-0x3c4001bbe00]GL Driver Message (OpenGL, Performance, GL_CLOSE_PATH_NV, High): GPU stall due to ReadPixels
[0928/144604.318:ERROR:gpu\command_buffer\service\gl_utils.cc:430] [.WebGL-0x3c4001bbe00]GL Driver Message (OpenGL, Performance, GL_CLOSE_PATH_NV, High): GPU stall due to ReadPixels
[0928/144604.353:ERROR:gpu\command_buffer\service\gl_utils.cc:430] [.WebGL-0x3c4001bbe00]GL Driver Message (OpenGL, Performance, GL_CLOSE_PATH_NV, High): GPU stall due to ReadPixels
[0928/144604.392:ERROR:gpu\command_buffer\service\gl_utils.cc:430] [.WebGL-0x3c4001bbe00]GL Driver Message (OpenGL, Performance, GL_CLOSE_PATH_NV, High): GPU stall due to ReadPixels (this message will no longer repeat)
[0928/144624.028:ERROR:gpu\command_buffer\service\shared_image\shared_image_manager.cc:395] SharedImageManager::ProduceMemory: Trying to Produce a Memory representation from a non-existent mailbox.
[0928/144624.028:ERROR:gpu\command_buffer\service\shared_image\shared_image_manager.cc:395] SharedImageManager::ProduceMemory: Trying to Produce a Memory representation from a non-existent mailbox.
[0928/144624.030:ERROR:gpu\command_buffer\service\shared_image\shared_image_manager.cc:395] SharedImageManager::ProduceMemory: Trying to Produce a Memory representation from a non-existent mailbox.
[0928/144624.030:ERROR:gpu\command_buffer\service\shared_image\shared_image_manager.cc:395] SharedImageManager::ProduceMemory: Trying to Produce a Memory representation from a non-existent mailbox.
[0928/144624.030:ERROR:gpu\command_buffer\service\shared_image\shared_image_manager.cc:395] SharedImageManager::ProduceMemory: Trying to Produce a Memory representation from a non-existent mailbox.
[0928/144624.030:ERROR:gpu\command_buffer\service\shared_image\shared_image_manager.cc:395] SharedImageManager::ProduceMemory: Trying to Produce a Memory representation from a non-existent mailbox.
[0928/144624.030:ERROR:gpu\command_buffer\service\shared_image\shared_image_manager.cc:395] SharedImageManager::ProduceMemory: Trying to Produce a Memory representation from a non-existent mailbox.
[0928/144624.030:ERROR:gpu\command_buffer\service\shared_image\shared_image_manager.cc:395] SharedImageManager::ProduceMemory: Trying to Produce a Memory representation from a non-existent mailbox.
[0928/144624.030:ERROR:gpu\command_buffer\service\shared_image\shared_image_manager.cc:395] SharedImageManager::ProduceMemory: Trying to Produce a Memory representation from a non-existent mailbox.
[0928/212727.726:ERROR:gpu\command_buffer\service\gl_utils.cc:430] [.WebGL-0x6ec001bfe00]GL Driver Message (OpenGL, Performance, GL_CLOSE_PATH_NV, High): GPU stall due to ReadPixels
[0928/212728.121:ERROR:gpu\command_buffer\service\gl_utils.cc:430] [.WebGL-0x6ec001bfe00]GL Driver Message (OpenGL, Performance, GL_CLOSE_PATH_NV, High): GPU stall due to ReadPixels
[0928/212728.191:ERROR:gpu\command_buffer\service\gl_utils.cc:430] [.WebGL-0x6ec001bfe00]GL Driver Message (OpenGL, Performance, GL_CLOSE_PATH_NV, High): GPU stall due to ReadPixels
[0928/212728.260:ERROR:gpu\command_buffer\service\gl_utils.cc:430] [.WebGL-0x6ec001bfe00]GL Driver Message (OpenGL, Performance, GL_CLOSE_PATH_NV, High): GPU stall due to ReadPixels (this message will no longer repeat)
[0928/212742.211:ERROR:gpu\command_buffer\service\shared_image\shared_image_manager.cc:395] SharedImageManager::ProduceMemory: Trying to Produce a Memory representation from a non-existent mailbox.
[0928/213221.419:ERROR:components\viz\service\frame_sinks\frame_sink_manager_impl.cc:1285] SurfaceAnimationManager missing for |transition_token| : (D4E622930E0AEE6B5D8C394781A60CDE)
[0928/213221.420:ERROR:components\viz\service\transitions\surface_animation_manager.cc:274] No SurfaceAnimationManager for token : D4E622930E0AEE6B5D8C394781A60CDE
[0928/213221.420:ERROR:components\viz\service\transitions\surface_animation_manager.cc:274] No SurfaceAnimationManager for token : D4E622930E0AEE6B5D8C394781A60CDE
[0928/213221.521:ERROR:components\viz\service\transitions\surface_animation_manager.cc:274] No SurfaceAnimationManager for token : D4E622930E0AEE6B5D8C394781A60CDE
[0928/213221.521:ERROR:components\viz\service\transitions\surface_animation_manager.cc:274] No SurfaceAnimationManager for token : D4E622930E0AEE6B5D8C394781A60CDE
[0928/213221.521:ERROR:components\viz\service\transitions\surface_animation_manager.cc:274] No SurfaceAnimationManager for token : D4E622930E0AEE6B5D8C394781A60CDE
[0928/213221.566:ERROR:components\viz\service\transitions\surface_animation_manager.cc:274] No SurfaceAnimationManager for token : D4E622930E0AEE6B5D8C394781A60CDE
[0928/213221.566:ERROR:components\viz\service\transitions\surface_animation_manager.cc:274] No SurfaceAnimationManager for token : D4E622930E0AEE6B5D8C394781A60CDE
[0928/213221.566:ERROR:components\viz\service\transitions\surface_animation_manager.cc:274] No SurfaceAnimationManager for token : D4E622930E0AEE6B5D8C394781A60CDE
[0928/213221.698:ERROR:components\viz\service\transitions\surface_animation_manager.cc:274] No SurfaceAnimationManager for token : D4E622930E0AEE6B5D8C394781A60CDE
[0928/213221.698:ERROR:components\viz\service\transitions\surface_animation_manager.cc:274] No SurfaceAnimationManager for token : D4E622930E0AEE6B5D8C394781A60CDE
[0928/213221.698:ERROR:components\viz\service\transitions\surface_animation_manager.cc:274] No SurfaceAnimationManager for token : D4E622930E0AEE6B5D8C394781A60CDE
[0928/213221.807:ERROR:components\viz\service\transitions\surface_animation_manager.cc:274] No SurfaceAnimationManager for token : D4E622930E0AEE6B5D8C394781A60CDE
[0928/213221.807:ERROR:components\viz\service\transitions\surface_animation_manager.cc:274] No SurfaceAnimationManager for token : D4E622930E0AEE6B5D8C394781A60CDE
[0928/213221.807:ERROR:components\viz\service\transitions\surface_animation_manager.cc:274] No SurfaceAnimationManager for token : D4E622930E0AEE6B5D8C394781A60CDE
[0928/213221.925:ERROR:components\viz\service\transitions\surface_animation_manager.cc:274] No SurfaceAnimationManager for token : D4E622930E0AEE6B5D8C394781A60CDE
[0928/213221.925:ERROR:components\viz\service\transitions\surface_animation_manager.cc:274] No SurfaceAnimationManager for token : D4E622930E0AEE6B5D8C394781A60CDE
[0928/213221.925:ERROR:components\viz\service\transitions\surface_animation_manager.cc:274] No SurfaceAnimationManager for token : D4E622930E0AEE6B5D8C394781A60CDE
[0928/213222.045:ERROR:components\viz\service\transitions\surface_animation_manager.cc:274] No SurfaceAnimationManager for token : D4E622930E0AEE6B5D8C394781A60CDE
[0928/213222.045:ERROR:components\viz\service\transitions\surface_animation_manager.cc:274] No SurfaceAnimationManager for token : D4E622930E0AEE6B5D8C394781A60CDE
[0928/213222.045:ERROR:components\viz\service\transitions\surface_animation_manager.cc:274] No SurfaceAnimationManager for token : D4E622930E0AEE6B5D8C394781A60CDE
[0928/213242.666:ERROR:components\viz\service\frame_sinks\frame_sink_manager_impl.cc:1285] SurfaceAnimationManager missing for |transition_token| : (8FCF3C61175F158004F5046CC759A2D8)
[0928/213242.666:ERROR:components\viz\service\transitions\surface_animation_manager.cc:274] No SurfaceAnimationManager for token : 8FCF3C61175F158004F5046CC759A2D8
[0928/213242.666:ERROR:components\viz\service\transitions\surface_animation_manager.cc:274] No SurfaceAnimationManager for token : 8FCF3C61175F158004F5046CC759A2D8
[0928/213242.723:ERROR:components\viz\service\transitions\surface_animation_manager.cc:274] No SurfaceAnimationManager for token : 8FCF3C61175F158004F5046CC759A2D8
[0928/213242.723:ERROR:components\viz\service\transitions\surface_animation_manager.cc:274] No SurfaceAnimationManager for token : 8FCF3C61175F158004F5046CC759A2D8
[0928/213242.860:ERROR:components\viz\service\transitions\surface_animation_manager.cc:274] No SurfaceAnimationManager for token : 8FCF3C61175F158004F5046CC759A2D8
[0928/213242.860:ERROR:components\viz\service\transitions\surface_animation_manager.cc:274] No SurfaceAnimationManager for token : 8FCF3C61175F158004F5046CC759A2D8
[0928/213242.860:ERROR:components\viz\service\transitions\surface_animation_manager.cc:274] No SurfaceAnimationManager for token : 8FCF3C61175F158004F5046CC759A2D8
[0928/213242.971:ERROR:components\viz\service\transitions\surface_animation_manager.cc:274] No SurfaceAnimationManager for token : 8FCF3C61175F158004F5046CC759A2D8
[0928/213242.971:ERROR:components\viz\service\transitions\surface_animation_manager.cc:274] No SurfaceAnimationManager for token : 8FCF3C61175F158004F5046CC759A2D8
[0928/213242.971:ERROR:components\viz\service\transitions\surface_animation_manager.cc:274] No SurfaceAnimationManager for token : 8FCF3C61175F158004F5046CC759A2D8
[0928/213243.147:ERROR:components\viz\service\transitions\surface_animation_manager.cc:274] No SurfaceAnimationManager for token : 8FCF3C61175F158004F5046CC759A2D8
[0928/213243.147:ERROR:components\viz\service\transitions\surface_animation_manager.cc:274] No SurfaceAnimationManager for token : 8FCF3C61175F158004F5046CC759A2D8
[0928/213243.147:ERROR:components\viz\service\transitions\surface_animation_manager.cc:274] No SurfaceAnimationManager for token : 8FCF3C61175F158004F5046CC759A2D8
[0928/213243.174:ERROR:components\viz\service\transitions\surface_animation_manager.cc:274] No SurfaceAnimationManager for token : 8FCF3C61175F158004F5046CC759A2D8
[0928/213243.174:ERROR:components\viz\service\transitions\surface_animation_manager.cc:274] No SurfaceAnimationManager for token : 8FCF3C61175F158004F5046CC759A2D8
[0928/213243.174:ERROR:components\viz\service\transitions\surface_animation_manager.cc:274] No SurfaceAnimationManager for token : 8FCF3C61175F158004F5046CC759A2D8
[0928/213431.432:ERROR:gpu\command_buffer\service\shared_image\shared_image_manager.cc:395] SharedImageManager::ProduceMemory: Trying to Produce a Memory representation from a non-existent mailbox.
[0928/213431.432:ERROR:gpu\command_buffer\service\shared_image\shared_image_manager.cc:395] SharedImageManager::ProduceMemory: Trying to Produce a Memory representation from a non-existent mailbox.
[0928/214934.456:ERROR:gpu\command_buffer\service\gl_utils.cc:430] [.WebGL-0x7834001b7a00]GL Driver Message (OpenGL, Performance, GL_CLOSE_PATH_NV, High): GPU stall due to ReadPixels
[0928/214934.873:ERROR:gpu\command_buffer\service\gl_utils.cc:430] [.WebGL-0x7834001b7a00]GL Driver Message (OpenGL, Performance, GL_CLOSE_PATH_NV, High): GPU stall due to ReadPixels
[0928/214934.941:ERROR:gpu\command_buffer\service\gl_utils.cc:430] [.WebGL-0x7834001b7a00]GL Driver Message (OpenGL, Performance, GL_CLOSE_PATH_NV, High): GPU stall due to ReadPixels
[0928/214935.019:ERROR:gpu\command_buffer\service\gl_utils.cc:430] [.WebGL-0x7834001b7a00]GL Driver Message (OpenGL, Performance, GL_CLOSE_PATH_NV, High): GPU stall due to ReadPixels (this message will no longer repeat)
[0928/214946.856:ERROR:gpu\command_buffer\service\shared_image\shared_image_manager.cc:395] SharedImageManager::ProduceMemory: Trying to Produce a Memory representation from a non-existent mailbox.
[0928/214949.429:ERROR:gpu\command_buffer\service\shared_image\shared_image_manager.cc:395] SharedImageManager::ProduceMemory: Trying to Produce a Memory representation from a non-existent mailbox.
[0928/235342.838:ERROR:gpu\command_buffer\service\gl_utils.cc:430] [.WebGL-0x6764026a8200]GL Driver Message (OpenGL, Performance, GL_CLOSE_PATH_NV, High): GPU stall due to ReadPixels
[0928/235343.283:ERROR:gpu\command_buffer\service\gl_utils.cc:430] [.WebGL-0x6764026a8200]GL Driver Message (OpenGL, Performance, GL_CLOSE_PATH_NV, High): GPU stall due to ReadPixels
[0928/235343.350:ERROR:gpu\command_buffer\service\gl_utils.cc:430] [.WebGL-0x6764026a8200]GL Driver Message (OpenGL, Performance, GL_CLOSE_PATH_NV, High): GPU stall due to ReadPixels
[0928/235343.396:ERROR:gpu\command_buffer\service\gl_utils.cc:430] [.WebGL-0x6764026a8200]GL Driver Message (OpenGL, Performance, GL_CLOSE_PATH_NV, High): GPU stall due to ReadPixels (this message will no longer repeat)
[0928/235452.997:ERROR:components\viz\service\frame_sinks\frame_sink_manager_impl.cc:1285] SurfaceAnimationManager missing for |transition_token| : (FF7EB57D3E60897F82F6CC71F3C3795E)
[0928/235452.997:ERROR:components\viz\service\transitions\surface_animation_manager.cc:274] No SurfaceAnimationManager for token : FF7EB57D3E60897F82F6CC71F3C3795E
[0928/235453.037:ERROR:components\viz\service\transitions\surface_animation_manager.cc:274] No SurfaceAnimationManager for token : FF7EB57D3E60897F82F6CC71F3C3795E
[0928/235453.056:ERROR:components\viz\service\transitions\surface_animation_manager.cc:274] No SurfaceAnimationManager for token : FF7EB57D3E60897F82F6CC71F3C3795E
[0928/235453.080:ERROR:components\viz\service\transitions\surface_animation_manager.cc:274] No SurfaceAnimationManager for token : FF7EB57D3E60897F82F6CC71F3C3795E
[0928/235453.102:ERROR:components\viz\service\transitions\surface_animation_manager.cc:274] No SurfaceAnimationManager for token : FF7EB57D3E60897F82F6CC71F3C3795E
[0928/235453.118:ERROR:gpu\command_buffer\service\gl_utils.cc:430] [.WebGL-0x1414007c0200]GL Driver Message (OpenGL, Performance, GL_CLOSE_PATH_NV, High): GPU stall due to ReadPixels
[0928/235453.124:ERROR:components\viz\service\transitions\surface_animation_manager.cc:274] No SurfaceAnimationManager for token : FF7EB57D3E60897F82F6CC71F3C3795E
[0928/235453.148:ERROR:components\viz\service\transitions\surface_animation_manager.cc:274] No SurfaceAnimationManager for token : FF7EB57D3E60897F82F6CC71F3C3795E
[0928/235453.172:ERROR:components\viz\service\transitions\surface_animation_manager.cc:274] No SurfaceAnimationManager for token : FF7EB57D3E60897F82F6CC71F3C3795E
[0928/235453.215:ERROR:components\viz\service\transitions\surface_animation_manager.cc:274] No SurfaceAnimationManager for token : FF7EB57D3E60897F82F6CC71F3C3795E
[0928/235453.237:ERROR:components\viz\service\transitions\surface_animation_manager.cc:274] No SurfaceAnimationManager for token : FF7EB57D3E60897F82F6CC71F3C3795E
[0928/235453.241:ERROR:components\viz\service\transitions\surface_animation_manager.cc:274] No SurfaceAnimationManager for token : FF7EB57D3E60897F82F6CC71F3C3795E
[0928/235453.241:ERROR:components\viz\service\transitions\surface_animation_manager.cc:274] No SurfaceAnimationManager for token : FF7EB57D3E60897F82F6CC71F3C3795E
[0928/235453.283:ERROR:components\viz\service\transitions\surface_animation_manager.cc:274] No SurfaceAnimationManager for token : FF7EB57D3E60897F82F6CC71F3C3795E
[0928/235453.283:ERROR:components\viz\service\transitions\surface_animation_manager.cc:274] No SurfaceAnimationManager for token : FF7EB57D3E60897F82F6CC71F3C3795E
[0928/235453.395:ERROR:gpu\command_buffer\service\gl_utils.cc:430] [.WebGL-0x1414007c0200]GL Driver Message (OpenGL, Performance, GL_CLOSE_PATH_NV, High): GPU stall due to ReadPixels
[0928/235453.436:ERROR:gpu\command_buffer\service\gl_utils.cc:430] [.WebGL-0x1414007c0200]GL Driver Message (OpenGL, Performance, GL_CLOSE_PATH_NV, High): GPU stall due to ReadPixels
[0928/235453.454:ERROR:components\viz\service\transitions\surface_animation_manager.cc:274] No SurfaceAnimationManager for token : FF7EB57D3E60897F82F6CC71F3C3795E
[0928/235453.454:ERROR:components\viz\service\transitions\surface_animation_manager.cc:274] No SurfaceAnimationManager for token : FF7EB57D3E60897F82F6CC71F3C3795E
[0928/235453.494:ERROR:components\viz\service\transitions\surface_animation_manager.cc:274] No SurfaceAnimationManager for token : FF7EB57D3E60897F82F6CC71F3C3795E
[0928/235453.494:ERROR:components\viz\service\transitions\surface_animation_manager.cc:274] No SurfaceAnimationManager for token : FF7EB57D3E60897F82F6CC71F3C3795E
[0928/235453.496:ERROR:gpu\command_buffer\service\gl_utils.cc:430] [.WebGL-0x1414007c0200]GL Driver Message (OpenGL, Performance, GL_CLOSE_PATH_NV, High): GPU stall due to ReadPixels (this message will no longer repeat)
[0928/235453.528:ERROR:components\viz\service\transitions\surface_animation_manager.cc:274] No SurfaceAnimationManager for token : FF7EB57D3E60897F82F6CC71F3C3795E
[0928/235453.528:ERROR:components\viz\service\transitions\surface_animation_manager.cc:274] No SurfaceAnimationManager for token : FF7EB57D3E60897F82F6CC71F3C3795E
[0928/235453.570:ERROR:components\viz\service\transitions\surface_animation_manager.cc:274] No SurfaceAnimationManager for token : FF7EB57D3E60897F82F6CC71F3C3795E
[0928/235453.570:ERROR:components\viz\service\transitions\surface_animation_manager.cc:274] No SurfaceAnimationManager for token : FF7EB57D3E60897F82F6CC71F3C3795E
[0928/235453.609:ERROR:components\viz\service\transitions\surface_animation_manager.cc:274] No SurfaceAnimationManager for token : FF7EB57D3E60897F82F6CC71F3C3795E
[0928/235453.609:ERROR:components\viz\service\transitions\surface_animation_manager.cc:274] No SurfaceAnimationManager for token : FF7EB57D3E60897F82F6CC71F3C3795E
[0928/235453.646:ERROR:components\viz\service\transitions\surface_animation_manager.cc:274] No SurfaceAnimationManager for token : FF7EB57D3E60897F82F6CC71F3C3795E
[0928/235453.646:ERROR:components\viz\service\transitions\surface_animation_manager.cc:274] No SurfaceAnimationManager for token : FF7EB57D3E60897F82F6CC71F3C3795E
[0928/235453.684:ERROR:components\viz\service\transitions\surface_animation_manager.cc:274] No SurfaceAnimationManager for token : FF7EB57D3E60897F82F6CC71F3C3795E
[0928/235453.684:ERROR:components\viz\service\transitions\surface_animation_manager.cc:274] No SurfaceAnimationManager for token : FF7EB57D3E60897F82F6CC71F3C3795E
[0928/235453.728:ERROR:components\viz\service\transitions\surface_animation_manager.cc:274] No SurfaceAnimationManager for token : FF7EB57D3E60897F82F6CC71F3C3795E
[0928/235453.728:ERROR:components\viz\service\transitions\surface_animation_manager.cc:274] No SurfaceAnimationManager for token : FF7EB57D3E60897F82F6CC71F3C3795E
[0928/235453.776:ERROR:components\viz\service\transitions\surface_animation_manager.cc:274] No SurfaceAnimationManager for token : FF7EB57D3E60897F82F6CC71F3C3795E
[0928/235453.776:ERROR:components\viz\service\transitions\surface_animation_manager.cc:274] No SurfaceAnimationManager for token : FF7EB57D3E60897F82F6CC71F3C3795E
[0928/235453.819:ERROR:components\viz\service\transitions\surface_animation_manager.cc:274] No SurfaceAnimationManager for token : FF7EB57D3E60897F82F6CC71F3C3795E
[0928/235453.819:ERROR:components\viz\service\transitions\surface_animation_manager.cc:274] No SurfaceAnimationManager for token : FF7EB57D3E60897F82F6CC71F3C3795E
[0928/235453.858:ERROR:components\viz\service\transitions\surface_animation_manager.cc:274] No SurfaceAnimationManager for token : FF7EB57D3E60897F82F6CC71F3C3795E
[0928/235453.858:ERROR:components\viz\service\transitions\surface_animation_manager.cc:274] No SurfaceAnimationManager for token : FF7EB57D3E60897F82F6CC71F3C3795E
[0928/235453.901:ERROR:components\viz\service\transitions\surface_animation_manager.cc:274] No SurfaceAnimationManager for token : FF7EB57D3E60897F82F6CC71F3C3795E
[0928/235453.901:ERROR:components\viz\service\transitions\surface_animation_manager.cc:274] No SurfaceAnimationManager for token : FF7EB57D3E60897F82F6CC71F3C3795E
[0928/235453.941:ERROR:components\viz\service\transitions\surface_animation_manager.cc:274] No SurfaceAnimationManager for token : FF7EB57D3E60897F82F6CC71F3C3795E
[0928/235453.941:ERROR:components\viz\service\transitions\surface_animation_manager.cc:274] No SurfaceAnimationManager for token : FF7EB57D3E60897F82F6CC71F3C3795E
[0928/235453.979:ERROR:components\viz\service\transitions\surface_animation_manager.cc:274] No SurfaceAnimationManager for token : FF7EB57D3E60897F82F6CC71F3C3795E
[0928/235453.979:ERROR:components\viz\service\transitions\surface_animation_manager.cc:274] No SurfaceAnimationManager for token : FF7EB57D3E60897F82F6CC71F3C3795E
[0928/235454.016:ERROR:components\viz\service\transitions\surface_animation_manager.cc:274] No SurfaceAnimationManager for token : FF7EB57D3E60897F82F6CC71F3C3795E
[0928/235454.016:ERROR:components\viz\service\transitions\surface_animation_manager.cc:274] No SurfaceAnimationManager for token : FF7EB57D3E60897F82F6CC71F3C3795E
[0928/235454.051:ERROR:components\viz\service\transitions\surface_animation_manager.cc:274] No SurfaceAnimationManager for token : FF7EB57D3E60897F82F6CC71F3C3795E
[0928/235454.051:ERROR:components\viz\service\transitions\surface_animation_manager.cc:274] No SurfaceAnimationManager for token : FF7EB57D3E60897F82F6CC71F3C3795E
[0928/235454.097:ERROR:components\viz\service\transitions\surface_animation_manager.cc:274] No SurfaceAnimationManager for token : FF7EB57D3E60897F82F6CC71F3C3795E
[0928/235454.098:ERROR:components\viz\service\transitions\surface_animation_manager.cc:274] No SurfaceAnimationManager for token : FF7EB57D3E60897F82F6CC71F3C3795E
[0928/235454.144:ERROR:components\viz\service\transitions\surface_animation_manager.cc:274] No SurfaceAnimationManager for token : FF7EB57D3E60897F82F6CC71F3C3795E
[0928/235454.144:ERROR:components\viz\service\transitions\surface_animation_manager.cc:274] No SurfaceAnimationManager for token : FF7EB57D3E60897F82F6CC71F3C3795E
[0928/235454.194:ERROR:components\viz\service\transitions\surface_animation_manager.cc:274] No SurfaceAnimationManager for token : FF7EB57D3E60897F82F6CC71F3C3795E
[0928/235454.194:ERROR:components\viz\service\transitions\surface_animation_manager.cc:274] No SurfaceAnimationManager for token : FF7EB57D3E60897F82F6CC71F3C3795E
[0928/235454.238:ERROR:components\viz\service\transitions\surface_animation_manager.cc:274] No SurfaceAnimationManager for token : FF7EB57D3E60897F82F6CC71F3C3795E
[0928/235454.238:ERROR:components\viz\service\transitions\surface_animation_manager.cc:274] No SurfaceAnimationManager for token : FF7EB57D3E60897F82F6CC71F3C3795E
[0928/235534.135:ERROR:gpu\command_buffer\service\gl_utils.cc:430] [.WebGL-0x4fbc01930200]GL Driver Message (OpenGL, Performance, GL_CLOSE_PATH_NV, High): GPU stall due to ReadPixels
[0928/235534.412:ERROR:gpu\command_buffer\service\gl_utils.cc:430] [.WebGL-0x4fbc01930200]GL Driver Message (OpenGL, Performance, GL_CLOSE_PATH_NV, High): GPU stall due to ReadPixels
[0928/235534.450:ERROR:gpu\command_buffer\service\gl_utils.cc:430] [.WebGL-0x4fbc01930200]GL Driver Message (OpenGL, Performance, GL_CLOSE_PATH_NV, High): GPU stall due to ReadPixels
[0928/235534.514:ERROR:gpu\command_buffer\service\gl_utils.cc:430] [.WebGL-0x4fbc01930200]GL Driver Message (OpenGL, Performance, GL_CLOSE_PATH_NV, High): GPU stall due to ReadPixels (this message will no longer repeat)
[0928/235607.703:ERROR:components\viz\service\frame_sinks\frame_sink_manager_impl.cc:1285] SurfaceAnimationManager missing for |transition_token| : (AD70BF55889434EEB327C39BE1DC5396)
[0928/235607.704:ERROR:components\viz\service\transitions\surface_animation_manager.cc:274] No SurfaceAnimationManager for token : AD70BF55889434EEB327C39BE1DC5396
[0928/235607.746:ERROR:components\viz\service\transitions\surface_animation_manager.cc:274] No SurfaceAnimationManager for token : AD70BF55889434EEB327C39BE1DC5396
[0928/235607.780:ERROR:components\viz\service\transitions\surface_animation_manager.cc:274] No SurfaceAnimationManager for token : AD70BF55889434EEB327C39BE1DC5396
[0928/235607.814:ERROR:components\viz\service\transitions\surface_animation_manager.cc:274] No SurfaceAnimationManager for token : AD70BF55889434EEB327C39BE1DC5396
[0928/235607.824:ERROR:gpu\command_buffer\service\gl_utils.cc:430] [.WebGL-0x7da400763600]GL Driver Message (OpenGL, Performance, GL_CLOSE_PATH_NV, High): GPU stall due to ReadPixels
[0928/235607.838:ERROR:components\viz\service\transitions\surface_animation_manager.cc:274] No SurfaceAnimationManager for token : AD70BF55889434EEB327C39BE1DC5396
[0928/235607.868:ERROR:components\viz\service\transitions\surface_animation_manager.cc:274] No SurfaceAnimationManager for token : AD70BF55889434EEB327C39BE1DC5396
[0928/235607.902:ERROR:components\viz\service\transitions\surface_animation_manager.cc:274] No SurfaceAnimationManager for token : AD70BF55889434EEB327C39BE1DC5396
[0928/235607.933:ERROR:components\viz\service\transitions\surface_animation_manager.cc:274] No SurfaceAnimationManager for token : AD70BF55889434EEB327C39BE1DC5396
[0928/235607.962:ERROR:components\viz\service\transitions\surface_animation_manager.cc:274] No SurfaceAnimationManager for token : AD70BF55889434EEB327C39BE1DC5396
[0928/235607.962:ERROR:components\viz\service\transitions\surface_animation_manager.cc:274] No SurfaceAnimationManager for token : AD70BF55889434EEB327C39BE1DC5396
[0928/235607.996:ERROR:components\viz\service\transitions\surface_animation_manager.cc:274] No SurfaceAnimationManager for token : AD70BF55889434EEB327C39BE1DC5396
[0928/235607.996:ERROR:components\viz\service\transitions\surface_animation_manager.cc:274] No SurfaceAnimationManager for token : AD70BF55889434EEB327C39BE1DC5396
[0928/235608.024:ERROR:components\viz\service\transitions\surface_animation_manager.cc:274] No SurfaceAnimationManager for token : AD70BF55889434EEB327C39BE1DC5396
[0928/235608.024:ERROR:components\viz\service\transitions\surface_animation_manager.cc:274] No SurfaceAnimationManager for token : AD70BF55889434EEB327C39BE1DC5396
[0928/235608.028:ERROR:components\viz\service\transitions\surface_animation_manager.cc:274] No SurfaceAnimationManager for token : AD70BF55889434EEB327C39BE1DC5396
[0928/235608.028:ERROR:components\viz\service\transitions\surface_animation_manager.cc:274] No SurfaceAnimationManager for token : AD70BF55889434EEB327C39BE1DC5396
[0928/235608.057:ERROR:gpu\command_buffer\service\gl_utils.cc:430] [.WebGL-0x7da400763600]GL Driver Message (OpenGL, Performance, GL_CLOSE_PATH_NV, High): GPU stall due to ReadPixels
[0928/235608.077:ERROR:components\viz\service\transitions\surface_animation_manager.cc:274] No SurfaceAnimationManager for token : AD70BF55889434EEB327C39BE1DC5396
[0928/235608.077:ERROR:components\viz\service\transitions\surface_animation_manager.cc:274] No SurfaceAnimationManager for token : AD70BF55889434EEB327C39BE1DC5396
[0928/235608.100:ERROR:components\viz\service\transitions\surface_animation_manager.cc:274] No SurfaceAnimationManager for token : AD70BF55889434EEB327C39BE1DC5396
[0928/235608.100:ERROR:components\viz\service\transitions\surface_animation_manager.cc:274] No SurfaceAnimationManager for token : AD70BF55889434EEB327C39BE1DC5396
[0928/235608.101:ERROR:components\viz\service\transitions\surface_animation_manager.cc:274] No SurfaceAnimationManager for token : AD70BF55889434EEB327C39BE1DC5396
[0928/235608.101:ERROR:components\viz\service\transitions\surface_animation_manager.cc:274] No SurfaceAnimationManager for token : AD70BF55889434EEB327C39BE1DC5396
[0928/235608.109:ERROR:gpu\command_buffer\service\gl_utils.cc:430] [.WebGL-0x7da400763600]GL Driver Message (OpenGL, Performance, GL_CLOSE_PATH_NV, High): GPU stall due to ReadPixels
[0928/235608.143:ERROR:components\viz\service\transitions\surface_animation_manager.cc:274] No SurfaceAnimationManager for token : AD70BF55889434EEB327C39BE1DC5396
[0928/235608.143:ERROR:components\viz\service\transitions\surface_animation_manager.cc:274] No SurfaceAnimationManager for token : AD70BF55889434EEB327C39BE1DC5396
[0928/235608.144:ERROR:gpu\command_buffer\service\gl_utils.cc:430] [.WebGL-0x7da400763600]GL Driver Message (OpenGL, Performance, GL_CLOSE_PATH_NV, High): GPU stall due to ReadPixels (this message will no longer repeat)
[0928/235608.191:ERROR:components\viz\service\transitions\surface_animation_manager.cc:274] No SurfaceAnimationManager for token : AD70BF55889434EEB327C39BE1DC5396
[0928/235608.191:ERROR:components\viz\service\transitions\surface_animation_manager.cc:274] No SurfaceAnimationManager for token : AD70BF55889434EEB327C39BE1DC5396
[0928/235608.230:ERROR:components\viz\service\transitions\surface_animation_manager.cc:274] No SurfaceAnimationManager for token : AD70BF55889434EEB327C39BE1DC5396
[0928/235608.230:ERROR:components\viz\service\transitions\surface_animation_manager.cc:274] No SurfaceAnimationManager for token : AD70BF55889434EEB327C39BE1DC5396
[0928/235608.278:ERROR:components\viz\service\transitions\surface_animation_manager.cc:274] No SurfaceAnimationManager for token : AD70BF55889434EEB327C39BE1DC5396
[0928/235608.278:ERROR:components\viz\service\transitions\surface_animation_manager.cc:274] No SurfaceAnimationManager for token : AD70BF55889434EEB327C39BE1DC5396
[0928/235608.315:ERROR:components\viz\service\transitions\surface_animation_manager.cc:274] No SurfaceAnimationManager for token : AD70BF55889434EEB327C39BE1DC5396
[0928/235608.315:ERROR:components\viz\service\transitions\surface_animation_manager.cc:274] No SurfaceAnimationManager for token : AD70BF55889434EEB327C39BE1DC5396
[0928/235608.362:ERROR:components\viz\service\transitions\surface_animation_manager.cc:274] No SurfaceAnimationManager for token : AD70BF55889434EEB327C39BE1DC5396
[0928/235608.362:ERROR:components\viz\service\transitions\surface_animation_manager.cc:274] No SurfaceAnimationManager for token : AD70BF55889434EEB327C39BE1DC5396
[0928/235608.413:ERROR:components\viz\service\transitions\surface_animation_manager.cc:274] No SurfaceAnimationManager for token : AD70BF55889434EEB327C39BE1DC5396
[0928/235608.413:ERROR:components\viz\service\transitions\surface_animation_manager.cc:274] No SurfaceAnimationManager for token : AD70BF55889434EEB327C39BE1DC5396
[0928/235608.463:ERROR:components\viz\service\transitions\surface_animation_manager.cc:274] No SurfaceAnimationManager for token : AD70BF55889434EEB327C39BE1DC5396
[0928/235608.463:ERROR:components\viz\service\transitions\surface_animation_manager.cc:274] No SurfaceAnimationManager for token : AD70BF55889434EEB327C39BE1DC5396
[0928/235608.519:ERROR:components\viz\service\transitions\surface_animation_manager.cc:274] No SurfaceAnimationManager for token : AD70BF55889434EEB327C39BE1DC5396
[0928/235608.519:ERROR:components\viz\service\transitions\surface_animation_manager.cc:274] No SurfaceAnimationManager for token : AD70BF55889434EEB327C39BE1DC5396
[0928/235608.577:ERROR:components\viz\service\transitions\surface_animation_manager.cc:274] No SurfaceAnimationManager for token : AD70BF55889434EEB327C39BE1DC5396
[0928/235608.577:ERROR:components\viz\service\transitions\surface_animation_manager.cc:274] No SurfaceAnimationManager for token : AD70BF55889434EEB327C39BE1DC5396
[0928/235608.622:ERROR:components\viz\service\transitions\surface_animation_manager.cc:274] No SurfaceAnimationManager for token : AD70BF55889434EEB327C39BE1DC5396
[0928/235608.622:ERROR:components\viz\service\transitions\surface_animation_manager.cc:274] No SurfaceAnimationManager for token : AD70BF55889434EEB327C39BE1DC5396
[0928/235608.671:ERROR:components\viz\service\transitions\surface_animation_manager.cc:274] No SurfaceAnimationManager for token : AD70BF55889434EEB327C39BE1DC5396
[0928/235608.671:ERROR:components\viz\service\transitions\surface_animation_manager.cc:274] No SurfaceAnimationManager for token : AD70BF55889434EEB327C39BE1DC5396
[0928/235608.741:ERROR:components\viz\service\transitions\surface_animation_manager.cc:274] No SurfaceAnimationManager for token : AD70BF55889434EEB327C39BE1DC5396
[0928/235608.741:ERROR:components\viz\service\transitions\surface_animation_manager.cc:274] No SurfaceAnimationManager for token : AD70BF55889434EEB327C39BE1DC5396
[0928/235608.810:ERROR:components\viz\service\transitions\surface_animation_manager.cc:274] No SurfaceAnimationManager for token : AD70BF55889434EEB327C39BE1DC5396
[0928/235608.810:ERROR:components\viz\service\transitions\surface_animation_manager.cc:274] No SurfaceAnimationManager for token : AD70BF55889434EEB327C39BE1DC5396
[0928/235608.872:ERROR:components\viz\service\transitions\surface_animation_manager.cc:274] No SurfaceAnimationManager for token : AD70BF55889434EEB327C39BE1DC5396
[0928/235608.872:ERROR:components\viz\service\transitions\surface_animation_manager.cc:274] No SurfaceAnimationManager for token : AD70BF55889434EEB327C39BE1DC5396
[0928/235608.912:ERROR:components\viz\service\transitions\surface_animation_manager.cc:274] No SurfaceAnimationManager for token : AD70BF55889434EEB327C39BE1DC5396
[0928/235608.912:ERROR:components\viz\service\transitions\surface_animation_manager.cc:274] No SurfaceAnimationManager for token : AD70BF55889434EEB327C39BE1DC5396
[0928/235608.951:ERROR:components\viz\service\transitions\surface_animation_manager.cc:274] No SurfaceAnimationManager for token : AD70BF55889434EEB327C39BE1DC5396
[0928/235608.951:ERROR:components\viz\service\transitions\surface_animation_manager.cc:274] No SurfaceAnimationManager for token : AD70BF55889434EEB327C39BE1DC5396
[0928/235631.180:ERROR:gpu\command_buffer\service\gl_utils.cc:430] [.WebGL-0x44e4018f2e00]GL Driver Message (OpenGL, Performance, GL_CLOSE_PATH_NV, High): GPU stall due to ReadPixels
[0928/235631.459:ERROR:gpu\command_buffer\service\gl_utils.cc:430] [.WebGL-0x44e4018f2e00]GL Driver Message (OpenGL, Performance, GL_CLOSE_PATH_NV, High): GPU stall due to ReadPixels
[0928/235631.498:ERROR:gpu\command_buffer\service\gl_utils.cc:430] [.WebGL-0x44e4018f2e00]GL Driver Message (OpenGL, Performance, GL_CLOSE_PATH_NV, High): GPU stall due to ReadPixels
[0928/235631.603:ERROR:gpu\command_buffer\service\gl_utils.cc:430] [.WebGL-0x44e4018f2e00]GL Driver Message (OpenGL, Performance, GL_CLOSE_PATH_NV, High): GPU stall due to ReadPixels (this message will no longer repeat)
[0928/235706.938:ERROR:gpu\command_buffer\service\gl_utils.cc:430] [.WebGL-0x76d4025b1000]GL Driver Message (OpenGL, Performance, GL_CLOSE_PATH_NV, High): GPU stall due to ReadPixels
[0928/235707.208:ERROR:gpu\command_buffer\service\gl_utils.cc:430] [.WebGL-0x76d4025b1000]GL Driver Message (OpenGL, Performance, GL_CLOSE_PATH_NV, High): GPU stall due to ReadPixels
[0928/235707.243:ERROR:gpu\command_buffer\service\gl_utils.cc:430] [.WebGL-0x76d4025b1000]GL Driver Message (OpenGL, Performance, GL_CLOSE_PATH_NV, High): GPU stall due to ReadPixels
[0928/235707.298:ERROR:gpu\command_buffer\service\gl_utils.cc:430] [.WebGL-0x76d4025b1000]GL Driver Message (OpenGL, Performance, GL_CLOSE_PATH_NV, High): GPU stall due to ReadPixels (this message will no longer repeat)
[0929/002218.684:ERROR:components\viz\service\frame_sinks\frame_sink_manager_impl.cc:1285] SurfaceAnimationManager missing for |transition_token| : (8AB541373808D0851A48DABFFB455FD2)
[0929/002218.685:ERROR:components\viz\service\transitions\surface_animation_manager.cc:274] No SurfaceAnimationManager for token : 8AB541373808D0851A48DABFFB455FD2
[0929/002218.685:ERROR:components\viz\service\transitions\surface_animation_manager.cc:274] No SurfaceAnimationManager for token : 8AB541373808D0851A48DABFFB455FD2
[0929/002218.685:ERROR:components\viz\service\transitions\surface_animation_manager.cc:274] No SurfaceAnimationManager for token : 8AB541373808D0851A48DABFFB455FD2
[0929/002218.701:ERROR:components\viz\service\transitions\surface_animation_manager.cc:274] No SurfaceAnimationManager for token : 8AB541373808D0851A48DABFFB455FD2
[0929/002218.701:ERROR:components\viz\service\transitions\surface_animation_manager.cc:274] No SurfaceAnimationManager for token : 8AB541373808D0851A48DABFFB455FD2
[0929/002218.701:ERROR:components\viz\service\transitions\surface_animation_manager.cc:274] No SurfaceAnimationManager for token : 8AB541373808D0851A48DABFFB455FD2
[0929/002218.733:ERROR:components\viz\service\transitions\surface_animation_manager.cc:274] No SurfaceAnimationManager for token : 8AB541373808D0851A48DABFFB455FD2
[0929/002218.733:ERROR:components\viz\service\transitions\surface_animation_manager.cc:274] No SurfaceAnimationManager for token : 8AB541373808D0851A48DABFFB455FD2
[0929/002218.733:ERROR:components\viz\service\transitions\surface_animation_manager.cc:274] No SurfaceAnimationManager for token : 8AB541373808D0851A48DABFFB455FD2
[0929/002218.739:ERROR:gpu\command_buffer\service\gl_utils.cc:430] [.WebGL-0x508402b5b400]GL Driver Message (OpenGL, Performance, GL_CLOSE_PATH_NV, High): GPU stall due to ReadPixels
[0929/002218.753:ERROR:components\viz\service\transitions\surface_animation_manager.cc:274] No SurfaceAnimationManager for token : 8AB541373808D0851A48DABFFB455FD2
[0929/002218.753:ERROR:components\viz\service\transitions\surface_animation_manager.cc:274] No SurfaceAnimationManager for token : 8AB541373808D0851A48DABFFB455FD2
[0929/002218.753:ERROR:components\viz\service\transitions\surface_animation_manager.cc:274] No SurfaceAnimationManager for token : 8AB541373808D0851A48DABFFB455FD2
[0929/002218.774:ERROR:components\viz\service\transitions\surface_animation_manager.cc:274] No SurfaceAnimationManager for token : 8AB541373808D0851A48DABFFB455FD2
[0929/002218.774:ERROR:components\viz\service\transitions\surface_animation_manager.cc:274] No SurfaceAnimationManager for token : 8AB541373808D0851A48DABFFB455FD2
[0929/002218.774:ERROR:components\viz\service\transitions\surface_animation_manager.cc:274] No SurfaceAnimationManager for token : 8AB541373808D0851A48DABFFB455FD2
[0929/002218.808:ERROR:components\viz\service\transitions\surface_animation_manager.cc:274] No SurfaceAnimationManager for token : 8AB541373808D0851A48DABFFB455FD2
[0929/002218.808:ERROR:components\viz\service\transitions\surface_animation_manager.cc:274] No SurfaceAnimationManager for token : 8AB541373808D0851A48DABFFB455FD2
[0929/002218.808:ERROR:components\viz\service\transitions\surface_animation_manager.cc:274] No SurfaceAnimationManager for token : 8AB541373808D0851A48DABFFB455FD2
[0929/002218.836:ERROR:components\viz\service\transitions\surface_animation_manager.cc:274] No SurfaceAnimationManager for token : 8AB541373808D0851A48DABFFB455FD2
[0929/002218.836:ERROR:components\viz\service\transitions\surface_animation_manager.cc:274] No SurfaceAnimationManager for token : 8AB541373808D0851A48DABFFB455FD2
[0929/002218.854:ERROR:components\viz\service\transitions\surface_animation_manager.cc:274] No SurfaceAnimationManager for token : 8AB541373808D0851A48DABFFB455FD2
[0929/002218.854:ERROR:components\viz\service\transitions\surface_animation_manager.cc:274] No SurfaceAnimationManager for token : 8AB541373808D0851A48DABFFB455FD2
[0929/002218.854:ERROR:components\viz\service\transitions\surface_animation_manager.cc:274] No SurfaceAnimationManager for token : 8AB541373808D0851A48DABFFB455FD2
[0929/002218.881:ERROR:components\viz\service\transitions\surface_animation_manager.cc:274] No SurfaceAnimationManager for token : 8AB541373808D0851A48DABFFB455FD2
[0929/002218.881:ERROR:components\viz\service\transitions\surface_animation_manager.cc:274] No SurfaceAnimationManager for token : 8AB541373808D0851A48DABFFB455FD2
[0929/002218.881:ERROR:components\viz\service\transitions\surface_animation_manager.cc:274] No SurfaceAnimationManager for token : 8AB541373808D0851A48DABFFB455FD2
[0929/002218.935:ERROR:gpu\command_buffer\service\gl_utils.cc:430] [.WebGL-0x508402b5b400]GL Driver Message (OpenGL, Performance, GL_CLOSE_PATH_NV, High): GPU stall due to ReadPixels
[0929/002218.969:ERROR:gpu\command_buffer\service\gl_utils.cc:430] [.WebGL-0x508402b5b400]GL Driver Message (OpenGL, Performance, GL_CLOSE_PATH_NV, High): GPU stall due to ReadPixels
[0929/002218.973:ERROR:components\viz\service\transitions\surface_animation_manager.cc:274] No SurfaceAnimationManager for token : 8AB541373808D0851A48DABFFB455FD2
[0929/002218.973:ERROR:components\viz\service\transitions\surface_animation_manager.cc:274] No SurfaceAnimationManager for token : 8AB541373808D0851A48DABFFB455FD2
[0929/002218.973:ERROR:components\viz\service\transitions\surface_animation_manager.cc:274] No SurfaceAnimationManager for token : 8AB541373808D0851A48DABFFB455FD2
[0929/002219.018:ERROR:components\viz\service\transitions\surface_animation_manager.cc:274] No SurfaceAnimationManager for token : 8AB541373808D0851A48DABFFB455FD2
[0929/002219.018:ERROR:components\viz\service\transitions\surface_animation_manager.cc:274] No SurfaceAnimationManager for token : 8AB541373808D0851A48DABFFB455FD2
[0929/002219.018:ERROR:components\viz\service\transitions\surface_animation_manager.cc:274] No SurfaceAnimationManager for token : 8AB541373808D0851A48DABFFB455FD2
[0929/002219.020:ERROR:gpu\command_buffer\service\gl_utils.cc:430] [.WebGL-0x508402b5b400]GL Driver Message (OpenGL, Performance, GL_CLOSE_PATH_NV, High): GPU stall due to ReadPixels (this message will no longer repeat)
[0929/002219.065:ERROR:components\viz\service\transitions\surface_animation_manager.cc:274] No SurfaceAnimationManager for token : 8AB541373808D0851A48DABFFB455FD2
[0929/002219.065:ERROR:components\viz\service\transitions\surface_animation_manager.cc:274] No SurfaceAnimationManager for token : 8AB541373808D0851A48DABFFB455FD2
[0929/002219.065:ERROR:components\viz\service\transitions\surface_animation_manager.cc:274] No SurfaceAnimationManager for token : 8AB541373808D0851A48DABFFB455FD2
[0929/002219.096:ERROR:components\viz\service\transitions\surface_animation_manager.cc:274] No SurfaceAnimationManager for token : 8AB541373808D0851A48DABFFB455FD2
[0929/002219.096:ERROR:components\viz\service\transitions\surface_animation_manager.cc:274] No SurfaceAnimationManager for token : 8AB541373808D0851A48DABFFB455FD2
[0929/002219.096:ERROR:components\viz\service\transitions\surface_animation_manager.cc:274] No SurfaceAnimationManager for token : 8AB541373808D0851A48DABFFB455FD2
[0929/002219.139:ERROR:components\viz\service\transitions\surface_animation_manager.cc:274] No SurfaceAnimationManager for token : 8AB541373808D0851A48DABFFB455FD2
[0929/002219.139:ERROR:components\viz\service\transitions\surface_animation_manager.cc:274] No SurfaceAnimationManager for token : 8AB541373808D0851A48DABFFB455FD2
[0929/002219.139:ERROR:components\viz\service\transitions\surface_animation_manager.cc:274] No SurfaceAnimationManager for token : 8AB541373808D0851A48DABFFB455FD2
[0929/002219.171:ERROR:components\viz\service\transitions\surface_animation_manager.cc:274] No SurfaceAnimationManager for token : 8AB541373808D0851A48DABFFB455FD2
[0929/002219.171:ERROR:components\viz\service\transitions\surface_animation_manager.cc:274] No SurfaceAnimationManager for token : 8AB541373808D0851A48DABFFB455FD2
[0929/002219.171:ERROR:components\viz\service\transitions\surface_animation_manager.cc:274] No SurfaceAnimationManager for token : 8AB541373808D0851A48DABFFB455FD2
[0929/002219.201:ERROR:components\viz\service\transitions\surface_animation_manager.cc:274] No SurfaceAnimationManager for token : 8AB541373808D0851A48DABFFB455FD2
[0929/002219.201:ERROR:components\viz\service\transitions\surface_animation_manager.cc:274] No SurfaceAnimationManager for token : 8AB541373808D0851A48DABFFB455FD2
[0929/002219.226:ERROR:components\viz\service\transitions\surface_animation_manager.cc:274] No SurfaceAnimationManager for token : 8AB541373808D0851A48DABFFB455FD2
[0929/002219.226:ERROR:components\viz\service\transitions\surface_animation_manager.cc:274] No SurfaceAnimationManager for token : 8AB541373808D0851A48DABFFB455FD2
[0929/002219.244:ERROR:components\viz\service\transitions\surface_animation_manager.cc:274] No SurfaceAnimationManager for token : 8AB541373808D0851A48DABFFB455FD2
[0929/002219.244:ERROR:components\viz\service\transitions\surface_animation_manager.cc:274] No SurfaceAnimationManager for token : 8AB541373808D0851A48DABFFB455FD2
[0929/002219.267:ERROR:components\viz\service\transitions\surface_animation_manager.cc:274] No SurfaceAnimationManager for token : 8AB541373808D0851A48DABFFB455FD2
[0929/002219.268:ERROR:components\viz\service\transitions\surface_animation_manager.cc:274] No SurfaceAnimationManager for token : 8AB541373808D0851A48DABFFB455FD2
[0929/002219.300:ERROR:components\viz\service\transitions\surface_animation_manager.cc:274] No SurfaceAnimationManager for token : 8AB541373808D0851A48DABFFB455FD2
[0929/002219.300:ERROR:components\viz\service\transitions\surface_animation_manager.cc:274] No SurfaceAnimationManager for token : 8AB541373808D0851A48DABFFB455FD2
[0929/002219.316:ERROR:components\viz\service\transitions\surface_animation_manager.cc:274] No SurfaceAnimationManager for token : 8AB541373808D0851A48DABFFB455FD2
[0929/002219.316:ERROR:components\viz\service\transitions\surface_animation_manager.cc:274] No SurfaceAnimationManager for token : 8AB541373808D0851A48DABFFB455FD2
[0929/002219.341:ERROR:components\viz\service\transitions\surface_animation_manager.cc:274] No SurfaceAnimationManager for token : 8AB541373808D0851A48DABFFB455FD2
[0929/002219.341:ERROR:components\viz\service\transitions\surface_animation_manager.cc:274] No SurfaceAnimationManager for token : 8AB541373808D0851A48DABFFB455FD2
[0929/002219.364:ERROR:components\viz\service\transitions\surface_animation_manager.cc:274] No SurfaceAnimationManager for token : 8AB541373808D0851A48DABFFB455FD2
[0929/002219.365:ERROR:components\viz\service\transitions\surface_animation_manager.cc:274] No SurfaceAnimationManager for token : 8AB541373808D0851A48DABFFB455FD2
[0929/002219.381:ERROR:components\viz\service\transitions\surface_animation_manager.cc:274] No SurfaceAnimationManager for token : 8AB541373808D0851A48DABFFB455FD2
[0929/002219.381:ERROR:components\viz\service\transitions\surface_animation_manager.cc:274] No SurfaceAnimationManager for token : 8AB541373808D0851A48DABFFB455FD2
[0929/002219.409:ERROR:components\viz\service\transitions\surface_animation_manager.cc:274] No SurfaceAnimationManager for token : 8AB541373808D0851A48DABFFB455FD2
[0929/002219.409:ERROR:components\viz\service\transitions\surface_animation_manager.cc:274] No SurfaceAnimationManager for token : 8AB541373808D0851A48DABFFB455FD2
[0929/002219.437:ERROR:components\viz\service\transitions\surface_animation_manager.cc:274] No SurfaceAnimationManager for token : 8AB541373808D0851A48DABFFB455FD2
[0929/002219.437:ERROR:components\viz\service\transitions\surface_animation_manager.cc:274] No SurfaceAnimationManager for token : 8AB541373808D0851A48DABFFB455FD2
[0929/002219.462:ERROR:components\viz\service\transitions\surface_animation_manager.cc:274] No SurfaceAnimationManager for token : 8AB541373808D0851A48DABFFB455FD2
[0929/002219.462:ERROR:components\viz\service\transitions\surface_animation_manager.cc:274] No SurfaceAnimationManager for token : 8AB541373808D0851A48DABFFB455FD2
[0929/002219.479:ERROR:components\viz\service\transitions\surface_animation_manager.cc:274] No SurfaceAnimationManager for token : 8AB541373808D0851A48DABFFB455FD2
[0929/002219.479:ERROR:components\viz\service\transitions\surface_animation_manager.cc:274] No SurfaceAnimationManager for token : 8AB541373808D0851A48DABFFB455FD2
[0929/002219.505:ERROR:components\viz\service\transitions\surface_animation_manager.cc:274] No SurfaceAnimationManager for token : 8AB541373808D0851A48DABFFB455FD2
[0929/002219.505:ERROR:components\viz\service\transitions\surface_animation_manager.cc:274] No SurfaceAnimationManager for token : 8AB541373808D0851A48DABFFB455FD2
[0929/002219.534:ERROR:components\viz\service\transitions\surface_animation_manager.cc:274] No SurfaceAnimationManager for token : 8AB541373808D0851A48DABFFB455FD2
[0929/002219.534:ERROR:components\viz\service\transitions\surface_animation_manager.cc:274] No SurfaceAnimationManager for token : 8AB541373808D0851A48DABFFB455FD2
[0929/002219.565:ERROR:components\viz\service\transitions\surface_animation_manager.cc:274] No SurfaceAnimationManager for token : 8AB541373808D0851A48DABFFB455FD2
[0929/002219.565:ERROR:components\viz\service\transitions\surface_animation_manager.cc:274] No SurfaceAnimationManager for token : 8AB541373808D0851A48DABFFB455FD2
[0929/002219.590:ERROR:components\viz\service\transitions\surface_animation_manager.cc:274] No SurfaceAnimationManager for token : 8AB541373808D0851A48DABFFB455FD2
[0929/002219.590:ERROR:components\viz\service\transitions\surface_animation_manager.cc:274] No SurfaceAnimationManager for token : 8AB541373808D0851A48DABFFB455FD2
[0929/002219.612:ERROR:components\viz\service\transitions\surface_animation_manager.cc:274] No SurfaceAnimationManager for token : 8AB541373808D0851A48DABFFB455FD2
[0929/002219.612:ERROR:components\viz\service\transitions\surface_animation_manager.cc:274] No SurfaceAnimationManager for token : 8AB541373808D0851A48DABFFB455FD2
[0929/002219.633:ERROR:components\viz\service\transitions\surface_animation_manager.cc:274] No SurfaceAnimationManager for token : 8AB541373808D0851A48DABFFB455FD2
[0929/002219.633:ERROR:components\viz\service\transitions\surface_animation_manager.cc:274] No SurfaceAnimationManager for token : 8AB541373808D0851A48DABFFB455FD2
[0929/002219.662:ERROR:components\viz\service\transitions\surface_animation_manager.cc:274] No SurfaceAnimationManager for token : 8AB541373808D0851A48DABFFB455FD2
[0929/002219.662:ERROR:components\viz\service\transitions\surface_animation_manager.cc:274] No SurfaceAnimationManager for token : 8AB541373808D0851A48DABFFB455FD2
[0929/002219.692:ERROR:components\viz\service\transitions\surface_animation_manager.cc:274] No SurfaceAnimationManager for token : 8AB541373808D0851A48DABFFB455FD2
[0929/002219.692:ERROR:components\viz\service\transitions\surface_animation_manager.cc:274] No SurfaceAnimationManager for token : 8AB541373808D0851A48DABFFB455FD2
[0929/002219.725:ERROR:components\viz\service\transitions\surface_animation_manager.cc:274] No SurfaceAnimationManager for token : 8AB541373808D0851A48DABFFB455FD2
[0929/002219.725:ERROR:components\viz\service\transitions\surface_animation_manager.cc:274] No SurfaceAnimationManager for token : 8AB541373808D0851A48DABFFB455FD2
[0929/002219.755:ERROR:components\viz\service\transitions\surface_animation_manager.cc:274] No SurfaceAnimationManager for token : 8AB541373808D0851A48DABFFB455FD2
[0929/002219.755:ERROR:components\viz\service\transitions\surface_animation_manager.cc:274] No SurfaceAnimationManager for token : 8AB541373808D0851A48DABFFB455FD2
[0929/002219.788:ERROR:components\viz\service\transitions\surface_animation_manager.cc:274] No SurfaceAnimationManager for token : 8AB541373808D0851A48DABFFB455FD2
[0929/002219.788:ERROR:components\viz\service\transitions\surface_animation_manager.cc:274] No SurfaceAnimationManager for token : 8AB541373808D0851A48DABFFB455FD2
[0929/002219.820:ERROR:components\viz\service\transitions\surface_animation_manager.cc:274] No SurfaceAnimationManager for token : 8AB541373808D0851A48DABFFB455FD2
[0929/002219.820:ERROR:components\viz\service\transitions\surface_animation_manager.cc:274] No SurfaceAnimationManager for token : 8AB541373808D0851A48DABFFB455FD2
[0929/002219.850:ERROR:components\viz\service\transitions\surface_animation_manager.cc:274] No SurfaceAnimationManager for token : 8AB541373808D0851A48DABFFB455FD2
[0929/002219.850:ERROR:components\viz\service\transitions\surface_animation_manager.cc:274] No SurfaceAnimationManager for token : 8AB541373808D0851A48DABFFB455FD2
[0929/002219.877:ERROR:components\viz\service\transitions\surface_animation_manager.cc:274] No SurfaceAnimationManager for token : 8AB541373808D0851A48DABFFB455FD2
[0929/002219.877:ERROR:components\viz\service\transitions\surface_animation_manager.cc:274] No SurfaceAnimationManager for token : 8AB541373808D0851A48DABFFB455FD2
[0929/002219.908:ERROR:components\viz\service\transitions\surface_animation_manager.cc:274] No SurfaceAnimationManager for token : 8AB541373808D0851A48DABFFB455FD2
[0929/002219.908:ERROR:components\viz\service\transitions\surface_animation_manager.cc:274] No SurfaceAnimationManager for token : 8AB541373808D0851A48DABFFB455FD2
[0929/002219.939:ERROR:components\viz\service\transitions\surface_animation_manager.cc:274] No SurfaceAnimationManager for token : 8AB541373808D0851A48DABFFB455FD2
[0929/002219.939:ERROR:components\viz\service\transitions\surface_animation_manager.cc:274] No SurfaceAnimationManager for token : 8AB541373808D0851A48DABFFB455FD2
[0929/002219.939:ERROR:components\viz\service\transitions\surface_animation_manager.cc:274] No SurfaceAnimationManager for token : 8AB541373808D0851A48DABFFB455FD2
[0929/002219.980:ERROR:components\viz\service\transitions\surface_animation_manager.cc:274] No SurfaceAnimationManager for token : 8AB541373808D0851A48DABFFB455FD2
[0929/002219.980:ERROR:components\viz\service\transitions\surface_animation_manager.cc:274] No SurfaceAnimationManager for token : 8AB541373808D0851A48DABFFB455FD2
[0929/002219.980:ERROR:components\viz\service\transitions\surface_animation_manager.cc:274] No SurfaceAnimationManager for token : 8AB541373808D0851A48DABFFB455FD2
[0929/002220.019:ERROR:components\viz\service\transitions\surface_animation_manager.cc:274] No SurfaceAnimationManager for token : 8AB541373808D0851A48DABFFB455FD2
[0929/002220.019:ERROR:components\viz\service\transitions\surface_animation_manager.cc:274] No SurfaceAnimationManager for token : 8AB541373808D0851A48DABFFB455FD2
[0929/002220.019:ERROR:components\viz\service\transitions\surface_animation_manager.cc:274] No SurfaceAnimationManager for token : 8AB541373808D0851A48DABFFB455FD2
[0929/002220.054:ERROR:components\viz\service\transitions\surface_animation_manager.cc:274] No SurfaceAnimationManager for token : 8AB541373808D0851A48DABFFB455FD2
[0929/002220.054:ERROR:components\viz\service\transitions\surface_animation_manager.cc:274] No SurfaceAnimationManager for token : 8AB541373808D0851A48DABFFB455FD2
[0929/002220.054:ERROR:components\viz\service\transitions\surface_animation_manager.cc:274] No SurfaceAnimationManager for token : 8AB541373808D0851A48DABFFB455FD2
[0929/002220.095:ERROR:components\viz\service\transitions\surface_animation_manager.cc:274] No SurfaceAnimationManager for token : 8AB541373808D0851A48DABFFB455FD2
[0929/002220.095:ERROR:components\viz\service\transitions\surface_animation_manager.cc:274] No SurfaceAnimationManager for token : 8AB541373808D0851A48DABFFB455FD2
[0929/002220.095:ERROR:components\viz\service\transitions\surface_animation_manager.cc:274] No SurfaceAnimationManager for token : 8AB541373808D0851A48DABFFB455FD2
[0929/002220.132:ERROR:components\viz\service\transitions\surface_animation_manager.cc:274] No SurfaceAnimationManager for token : 8AB541373808D0851A48DABFFB455FD2
[0929/002220.132:ERROR:components\viz\service\transitions\surface_animation_manager.cc:274] No SurfaceAnimationManager for token : 8AB541373808D0851A48DABFFB455FD2
[0929/002220.132:ERROR:components\viz\service\transitions\surface_animation_manager.cc:274] No SurfaceAnimationManager for token : 8AB541373808D0851A48DABFFB455FD2
[0929/002220.177:ERROR:components\viz\service\transitions\surface_animation_manager.cc:274] No SurfaceAnimationManager for token : 8AB541373808D0851A48DABFFB455FD2
[0929/002220.177:ERROR:components\viz\service\transitions\surface_animation_manager.cc:274] No SurfaceAnimationManager for token : 8AB541373808D0851A48DABFFB455FD2
[0929/002220.216:ERROR:components\viz\service\transitions\surface_animation_manager.cc:274] No SurfaceAnimationManager for token : 8AB541373808D0851A48DABFFB455FD2
[0929/002220.216:ERROR:components\viz\service\transitions\surface_animation_manager.cc:274] No SurfaceAnimationManager for token : 8AB541373808D0851A48DABFFB455FD2
[0929/002220.247:ERROR:components\viz\service\transitions\surface_animation_manager.cc:274] No SurfaceAnimationManager for token : 8AB541373808D0851A48DABFFB455FD2
[0929/002220.247:ERROR:components\viz\service\transitions\surface_animation_manager.cc:274] No SurfaceAnimationManager for token : 8AB541373808D0851A48DABFFB455FD2
[0929/002220.305:ERROR:components\viz\service\transitions\surface_animation_manager.cc:274] No SurfaceAnimationManager for token : 8AB541373808D0851A48DABFFB455FD2
[0929/002220.305:ERROR:components\viz\service\transitions\surface_animation_manager.cc:274] No SurfaceAnimationManager for token : 8AB541373808D0851A48DABFFB455FD2
[0929/002220.340:ERROR:components\viz\service\transitions\surface_animation_manager.cc:274] No SurfaceAnimationManager for token : 8AB541373808D0851A48DABFFB455FD2
[0929/002220.340:ERROR:components\viz\service\transitions\surface_animation_manager.cc:274] No SurfaceAnimationManager for token : 8AB541373808D0851A48DABFFB455FD2
[0929/002220.376:ERROR:components\viz\service\transitions\surface_animation_manager.cc:274] No SurfaceAnimationManager for token : 8AB541373808D0851A48DABFFB455FD2
[0929/002220.377:ERROR:components\viz\service\transitions\surface_animation_manager.cc:274] No SurfaceAnimationManager for token : 8AB541373808D0851A48DABFFB455FD2
[0929/002220.408:ERROR:components\viz\service\transitions\surface_animation_manager.cc:274] No SurfaceAnimationManager for token : 8AB541373808D0851A48DABFFB455FD2
[0929/002220.408:ERROR:components\viz\service\transitions\surface_animation_manager.cc:274] No SurfaceAnimationManager for token : 8AB541373808D0851A48DABFFB455FD2
[0929/002220.442:ERROR:components\viz\service\transitions\surface_animation_manager.cc:274] No SurfaceAnimationManager for token : 8AB541373808D0851A48DABFFB455FD2
[0929/002220.442:ERROR:components\viz\service\transitions\surface_animation_manager.cc:274] No SurfaceAnimationManager for token : 8AB541373808D0851A48DABFFB455FD2
[0929/002309.813:ERROR:gpu\command_buffer\service\gl_utils.cc:430] [.WebGL-0x13b4001b2600]GL Driver Message (OpenGL, Performance, GL_CLOSE_PATH_NV, High): GPU stall due to ReadPixels
[0929/002309.922:ERROR:components\viz\service\frame_sinks\frame_sink_manager_impl.cc:1285] SurfaceAnimationManager missing for |transition_token| : (EDCC309C4791D4E1AB58497C071822B6)
[0929/002309.922:ERROR:components\viz\service\transitions\surface_animation_manager.cc:274] No SurfaceAnimationManager for token : EDCC309C4791D4E1AB58497C071822B6
[0929/002309.922:ERROR:components\viz\service\transitions\surface_animation_manager.cc:274] No SurfaceAnimationManager for token : EDCC309C4791D4E1AB58497C071822B6
[0929/002309.922:ERROR:components\viz\service\transitions\surface_animation_manager.cc:274] No SurfaceAnimationManager for token : EDCC309C4791D4E1AB58497C071822B6
[0929/002309.963:ERROR:components\viz\service\transitions\surface_animation_manager.cc:274] No SurfaceAnimationManager for token : EDCC309C4791D4E1AB58497C071822B6
[0929/002309.963:ERROR:components\viz\service\transitions\surface_animation_manager.cc:274] No SurfaceAnimationManager for token : EDCC309C4791D4E1AB58497C071822B6
[0929/002309.963:ERROR:components\viz\service\transitions\surface_animation_manager.cc:274] No SurfaceAnimationManager for token : EDCC309C4791D4E1AB58497C071822B6
[0929/002309.980:ERROR:components\viz\service\transitions\surface_animation_manager.cc:274] No SurfaceAnimationManager for token : EDCC309C4791D4E1AB58497C071822B6
[0929/002309.980:ERROR:components\viz\service\transitions\surface_animation_manager.cc:274] No SurfaceAnimationManager for token : EDCC309C4791D4E1AB58497C071822B6
[0929/002309.980:ERROR:components\viz\service\transitions\surface_animation_manager.cc:274] No SurfaceAnimationManager for token : EDCC309C4791D4E1AB58497C071822B6
[0929/002309.996:ERROR:components\viz\service\transitions\surface_animation_manager.cc:274] No SurfaceAnimationManager for token : EDCC309C4791D4E1AB58497C071822B6
[0929/002309.996:ERROR:components\viz\service\transitions\surface_animation_manager.cc:274] No SurfaceAnimationManager for token : EDCC309C4791D4E1AB58497C071822B6
[0929/002309.996:ERROR:components\viz\service\transitions\surface_animation_manager.cc:274] No SurfaceAnimationManager for token : EDCC309C4791D4E1AB58497C071822B6
[0929/002310.014:ERROR:components\viz\service\transitions\surface_animation_manager.cc:274] No SurfaceAnimationManager for token : EDCC309C4791D4E1AB58497C071822B6
[0929/002310.014:ERROR:components\viz\service\transitions\surface_animation_manager.cc:274] No SurfaceAnimationManager for token : EDCC309C4791D4E1AB58497C071822B6
[0929/002310.014:ERROR:components\viz\service\transitions\surface_animation_manager.cc:274] No SurfaceAnimationManager for token : EDCC309C4791D4E1AB58497C071822B6
[0929/002310.029:ERROR:components\viz\service\transitions\surface_animation_manager.cc:274] No SurfaceAnimationManager for token : EDCC309C4791D4E1AB58497C071822B6
[0929/002310.029:ERROR:components\viz\service\transitions\surface_animation_manager.cc:274] No SurfaceAnimationManager for token : EDCC309C4791D4E1AB58497C071822B6
[0929/002310.029:ERROR:components\viz\service\transitions\surface_animation_manager.cc:274] No SurfaceAnimationManager for token : EDCC309C4791D4E1AB58497C071822B6
[0929/002310.047:ERROR:gpu\command_buffer\service\gl_utils.cc:430] [.WebGL-0x13b4001b2600]GL Driver Message (OpenGL, Performance, GL_CLOSE_PATH_NV, High): GPU stall due to ReadPixels
[0929/002310.073:ERROR:components\viz\service\transitions\surface_animation_manager.cc:274] No SurfaceAnimationManager for token : EDCC309C4791D4E1AB58497C071822B6
[0929/002310.073:ERROR:components\viz\service\transitions\surface_animation_manager.cc:274] No SurfaceAnimationManager for token : EDCC309C4791D4E1AB58497C071822B6
[0929/002310.073:ERROR:components\viz\service\transitions\surface_animation_manager.cc:274] No SurfaceAnimationManager for token : EDCC309C4791D4E1AB58497C071822B6
[0929/002310.077:ERROR:gpu\command_buffer\service\gl_utils.cc:430] [.WebGL-0x13b4001b2600]GL Driver Message (OpenGL, Performance, GL_CLOSE_PATH_NV, High): GPU stall due to ReadPixels
[0929/002310.103:ERROR:components\viz\service\transitions\surface_animation_manager.cc:274] No SurfaceAnimationManager for token : EDCC309C4791D4E1AB58497C071822B6
[0929/002310.103:ERROR:components\viz\service\transitions\surface_animation_manager.cc:274] No SurfaceAnimationManager for token : EDCC309C4791D4E1AB58497C071822B6
[0929/002310.103:ERROR:components\viz\service\transitions\surface_animation_manager.cc:274] No SurfaceAnimationManager for token : EDCC309C4791D4E1AB58497C071822B6
[0929/002310.115:ERROR:gpu\command_buffer\service\gl_utils.cc:430] [.WebGL-0x13b4001b2600]GL Driver Message (OpenGL, Performance, GL_CLOSE_PATH_NV, High): GPU stall due to ReadPixels (this message will no longer repeat)
[0929/002310.140:ERROR:components\viz\service\transitions\surface_animation_manager.cc:274] No SurfaceAnimationManager for token : EDCC309C4791D4E1AB58497C071822B6
[0929/002310.140:ERROR:components\viz\service\transitions\surface_animation_manager.cc:274] No SurfaceAnimationManager for token : EDCC309C4791D4E1AB58497C071822B6
[0929/002310.182:ERROR:components\viz\service\transitions\surface_animation_manager.cc:274] No SurfaceAnimationManager for token : EDCC309C4791D4E1AB58497C071822B6
[0929/002310.182:ERROR:components\viz\service\transitions\surface_animation_manager.cc:274] No SurfaceAnimationManager for token : EDCC309C4791D4E1AB58497C071822B6
[0929/002310.232:ERROR:components\viz\service\transitions\surface_animation_manager.cc:274] No SurfaceAnimationManager for token : EDCC309C4791D4E1AB58497C071822B6
[0929/002310.232:ERROR:components\viz\service\transitions\surface_animation_manager.cc:274] No SurfaceAnimationManager for token : EDCC309C4791D4E1AB58497C071822B6
[0929/002310.274:ERROR:components\viz\service\transitions\surface_animation_manager.cc:274] No SurfaceAnimationManager for token : EDCC309C4791D4E1AB58497C071822B6
[0929/002310.274:ERROR:components\viz\service\transitions\surface_animation_manager.cc:274] No SurfaceAnimationManager for token : EDCC309C4791D4E1AB58497C071822B6
[0929/002310.315:ERROR:components\viz\service\transitions\surface_animation_manager.cc:274] No SurfaceAnimationManager for token : EDCC309C4791D4E1AB58497C071822B6
[0929/002310.315:ERROR:components\viz\service\transitions\surface_animation_manager.cc:274] No SurfaceAnimationManager for token : EDCC309C4791D4E1AB58497C071822B6
[0929/002310.358:ERROR:components\viz\service\transitions\surface_animation_manager.cc:274] No SurfaceAnimationManager for token : EDCC309C4791D4E1AB58497C071822B6
[0929/002310.358:ERROR:components\viz\service\transitions\surface_animation_manager.cc:274] No SurfaceAnimationManager for token : EDCC309C4791D4E1AB58497C071822B6
[0929/002310.396:ERROR:components\viz\service\transitions\surface_animation_manager.cc:274] No SurfaceAnimationManager for token : EDCC309C4791D4E1AB58497C071822B6
[0929/002310.396:ERROR:components\viz\service\transitions\surface_animation_manager.cc:274] No SurfaceAnimationManager for token : EDCC309C4791D4E1AB58497C071822B6
[0929/002310.424:ERROR:components\viz\service\transitions\surface_animation_manager.cc:274] No SurfaceAnimationManager for token : EDCC309C4791D4E1AB58497C071822B6
[0929/002310.424:ERROR:components\viz\service\transitions\surface_animation_manager.cc:274] No SurfaceAnimationManager for token : EDCC309C4791D4E1AB58497C071822B6
[0929/002310.456:ERROR:components\viz\service\transitions\surface_animation_manager.cc:274] No SurfaceAnimationManager for token : EDCC309C4791D4E1AB58497C071822B6
[0929/002310.456:ERROR:components\viz\service\transitions\surface_animation_manager.cc:274] No SurfaceAnimationManager for token : EDCC309C4791D4E1AB58497C071822B6
[0929/002310.492:ERROR:components\viz\service\transitions\surface_animation_manager.cc:274] No SurfaceAnimationManager for token : EDCC309C4791D4E1AB58497C071822B6
[0929/002310.513:ERROR:components\viz\service\transitions\surface_animation_manager.cc:274] No SurfaceAnimationManager for token : EDCC309C4791D4E1AB58497C071822B6
[0929/002310.534:ERROR:components\viz\service\transitions\surface_animation_manager.cc:274] No SurfaceAnimationManager for token : EDCC309C4791D4E1AB58497C071822B6
[0929/002310.558:ERROR:components\viz\service\transitions\surface_animation_manager.cc:274] No SurfaceAnimationManager for token : EDCC309C4791D4E1AB58497C071822B6
[0929/002310.581:ERROR:components\viz\service\transitions\surface_animation_manager.cc:274] No SurfaceAnimationManager for token : EDCC309C4791D4E1AB58497C071822B6
[0929/002310.608:ERROR:components\viz\service\transitions\surface_animation_manager.cc:274] No SurfaceAnimationManager for token : EDCC309C4791D4E1AB58497C071822B6
[0929/002310.626:ERROR:components\viz\service\transitions\surface_animation_manager.cc:274] No SurfaceAnimationManager for token : EDCC309C4791D4E1AB58497C071822B6
[0929/002310.652:ERROR:components\viz\service\transitions\surface_animation_manager.cc:274] No SurfaceAnimationManager for token : EDCC309C4791D4E1AB58497C071822B6
[0929/002310.683:ERROR:components\viz\service\transitions\surface_animation_manager.cc:274] No SurfaceAnimationManager for token : EDCC309C4791D4E1AB58497C071822B6
[0929/002310.708:ERROR:components\viz\service\transitions\surface_animation_manager.cc:274] No SurfaceAnimationManager for token : EDCC309C4791D4E1AB58497C071822B6
[0929/002310.726:ERROR:components\viz\service\transitions\surface_animation_manager.cc:274] No SurfaceAnimationManager for token : EDCC309C4791D4E1AB58497C071822B6
[0929/002310.751:ERROR:components\viz\service\transitions\surface_animation_manager.cc:274] No SurfaceAnimationManager for token : EDCC309C4791D4E1AB58497C071822B6
[0929/002310.780:ERROR:components\viz\service\transitions\surface_animation_manager.cc:274] No SurfaceAnimationManager for token : EDCC309C4791D4E1AB58497C071822B6
[0929/002310.805:ERROR:components\viz\service\transitions\surface_animation_manager.cc:274] No SurfaceAnimationManager for token : EDCC309C4791D4E1AB58497C071822B6
[0929/002310.823:ERROR:components\viz\service\transitions\surface_animation_manager.cc:274] No SurfaceAnimationManager for token : EDCC309C4791D4E1AB58497C071822B6
[0929/002310.850:ERROR:components\viz\service\transitions\surface_animation_manager.cc:274] No SurfaceAnimationManager for token : EDCC309C4791D4E1AB58497C071822B6
[0929/002310.877:ERROR:components\viz\service\transitions\surface_animation_manager.cc:274] No SurfaceAnimationManager for token : EDCC309C4791D4E1AB58497C071822B6
[0929/002310.895:ERROR:components\viz\service\transitions\surface_animation_manager.cc:274] No SurfaceAnimationManager for token : EDCC309C4791D4E1AB58497C071822B6
[0929/002310.918:ERROR:components\viz\service\transitions\surface_animation_manager.cc:274] No SurfaceAnimationManager for token : EDCC309C4791D4E1AB58497C071822B6
[0929/002310.948:ERROR:components\viz\service\transitions\surface_animation_manager.cc:274] No SurfaceAnimationManager for token : EDCC309C4791D4E1AB58497C071822B6
[0929/002310.971:ERROR:components\viz\service\transitions\surface_animation_manager.cc:274] No SurfaceAnimationManager for token : EDCC309C4791D4E1AB58497C071822B6
[0929/002310.988:ERROR:components\viz\service\transitions\surface_animation_manager.cc:274] No SurfaceAnimationManager for token : EDCC309C4791D4E1AB58497C071822B6
[0929/002311.012:ERROR:components\viz\service\transitions\surface_animation_manager.cc:274] No SurfaceAnimationManager for token : EDCC309C4791D4E1AB58497C071822B6
[0929/002311.030:ERROR:components\viz\service\transitions\surface_animation_manager.cc:274] No SurfaceAnimationManager for token : EDCC309C4791D4E1AB58497C071822B6
[0929/002311.055:ERROR:components\viz\service\transitions\surface_animation_manager.cc:274] No SurfaceAnimationManager for token : EDCC309C4791D4E1AB58497C071822B6
[0929/002311.084:ERROR:components\viz\service\transitions\surface_animation_manager.cc:274] No SurfaceAnimationManager for token : EDCC309C4791D4E1AB58497C071822B6
[0929/002311.110:ERROR:components\viz\service\transitions\surface_animation_manager.cc:274] No SurfaceAnimationManager for token : EDCC309C4791D4E1AB58497C071822B6
[0929/002311.130:ERROR:components\viz\service\transitions\surface_animation_manager.cc:274] No SurfaceAnimationManager for token : EDCC309C4791D4E1AB58497C071822B6
[0929/002311.165:ERROR:components\viz\service\transitions\surface_animation_manager.cc:274] No SurfaceAnimationManager for token : EDCC309C4791D4E1AB58497C071822B6
[0929/002311.197:ERROR:components\viz\service\transitions\surface_animation_manager.cc:274] No SurfaceAnimationManager for token : EDCC309C4791D4E1AB58497C071822B6
[0929/002311.226:ERROR:components\viz\service\transitions\surface_animation_manager.cc:274] No SurfaceAnimationManager for token : EDCC309C4791D4E1AB58497C071822B6
[0929/002311.227:ERROR:components\viz\service\transitions\surface_animation_manager.cc:274] No SurfaceAnimationManager for token : EDCC309C4791D4E1AB58497C071822B6
[0929/002311.253:ERROR:components\viz\service\transitions\surface_animation_manager.cc:274] No SurfaceAnimationManager for token : EDCC309C4791D4E1AB58497C071822B6
[0929/002311.253:ERROR:components\viz\service\transitions\surface_animation_manager.cc:274] No SurfaceAnimationManager for token : EDCC309C4791D4E1AB58497C071822B6
[0929/002311.287:ERROR:components\viz\service\transitions\surface_animation_manager.cc:274] No SurfaceAnimationManager for token : EDCC309C4791D4E1AB58497C071822B6
[0929/002311.287:ERROR:components\viz\service\transitions\surface_animation_manager.cc:274] No SurfaceAnimationManager for token : EDCC309C4791D4E1AB58497C071822B6
[0929/002311.323:ERROR:components\viz\service\transitions\surface_animation_manager.cc:274] No SurfaceAnimationManager for token : EDCC309C4791D4E1AB58497C071822B6
[0929/002311.323:ERROR:components\viz\service\transitions\surface_animation_manager.cc:274] No SurfaceAnimationManager for token : EDCC309C4791D4E1AB58497C071822B6
[0929/002311.360:ERROR:components\viz\service\transitions\surface_animation_manager.cc:274] No SurfaceAnimationManager for token : EDCC309C4791D4E1AB58497C071822B6
[0929/002311.360:ERROR:components\viz\service\transitions\surface_animation_manager.cc:274] No SurfaceAnimationManager for token : EDCC309C4791D4E1AB58497C071822B6
[0929/002311.398:ERROR:components\viz\service\transitions\surface_animation_manager.cc:274] No SurfaceAnimationManager for token : EDCC309C4791D4E1AB58497C071822B6
[0929/002311.399:ERROR:components\viz\service\transitions\surface_animation_manager.cc:274] No SurfaceAnimationManager for token : EDCC309C4791D4E1AB58497C071822B6
[0929/002311.440:ERROR:components\viz\service\transitions\surface_animation_manager.cc:274] No SurfaceAnimationManager for token : EDCC309C4791D4E1AB58497C071822B6
[0929/002311.440:ERROR:components\viz\service\transitions\surface_animation_manager.cc:274] No SurfaceAnimationManager for token : EDCC309C4791D4E1AB58497C071822B6
[0929/002311.480:ERROR:components\viz\service\transitions\surface_animation_manager.cc:274] No SurfaceAnimationManager for token : EDCC309C4791D4E1AB58497C071822B6
[0929/002311.480:ERROR:components\viz\service\transitions\surface_animation_manager.cc:274] No SurfaceAnimationManager for token : EDCC309C4791D4E1AB58497C071822B6
[0929/002311.523:ERROR:components\viz\service\transitions\surface_animation_manager.cc:274] No SurfaceAnimationManager for token : EDCC309C4791D4E1AB58497C071822B6
[0929/002311.523:ERROR:components\viz\service\transitions\surface_animation_manager.cc:274] No SurfaceAnimationManager for token : EDCC309C4791D4E1AB58497C071822B6
[0929/002311.556:ERROR:components\viz\service\transitions\surface_animation_manager.cc:274] No SurfaceAnimationManager for token : EDCC309C4791D4E1AB58497C071822B6
[0929/002311.557:ERROR:components\viz\service\transitions\surface_animation_manager.cc:274] No SurfaceAnimationManager for token : EDCC309C4791D4E1AB58497C071822B6
[0929/002311.588:ERROR:components\viz\service\transitions\surface_animation_manager.cc:274] No SurfaceAnimationManager for token : EDCC309C4791D4E1AB58497C071822B6
[0929/002311.588:ERROR:components\viz\service\transitions\surface_animation_manager.cc:274] No SurfaceAnimationManager for token : EDCC309C4791D4E1AB58497C071822B6
[0929/002311.620:ERROR:components\viz\service\transitions\surface_animation_manager.cc:274] No SurfaceAnimationManager for token : EDCC309C4791D4E1AB58497C071822B6
[0929/002311.620:ERROR:components\viz\service\transitions\surface_animation_manager.cc:274] No SurfaceAnimationManager for token : EDCC309C4791D4E1AB58497C071822B6
[0929/002311.656:ERROR:components\viz\service\transitions\surface_animation_manager.cc:274] No SurfaceAnimationManager for token : EDCC309C4791D4E1AB58497C071822B6
[0929/002311.656:ERROR:components\viz\service\transitions\surface_animation_manager.cc:274] No SurfaceAnimationManager for token : EDCC309C4791D4E1AB58497C071822B6
[0929/002311.700:ERROR:components\viz\service\transitions\surface_animation_manager.cc:274] No SurfaceAnimationManager for token : EDCC309C4791D4E1AB58497C071822B6
[0929/002311.700:ERROR:components\viz\service\transitions\surface_animation_manager.cc:274] No SurfaceAnimationManager for token : EDCC309C4791D4E1AB58497C071822B6
[0929/002311.730:ERROR:components\viz\service\transitions\surface_animation_manager.cc:274] No SurfaceAnimationManager for token : EDCC309C4791D4E1AB58497C071822B6
[0929/002311.730:ERROR:components\viz\service\transitions\surface_animation_manager.cc:274] No SurfaceAnimationManager for token : EDCC309C4791D4E1AB58497C071822B6
[0929/002311.761:ERROR:components\viz\service\transitions\surface_animation_manager.cc:274] No SurfaceAnimationManager for token : EDCC309C4791D4E1AB58497C071822B6
[0929/002311.761:ERROR:components\viz\service\transitions\surface_animation_manager.cc:274] No SurfaceAnimationManager for token : EDCC309C4791D4E1AB58497C071822B6
[0929/002311.785:ERROR:components\viz\service\transitions\surface_animation_manager.cc:274] No SurfaceAnimationManager for token : EDCC309C4791D4E1AB58497C071822B6
[0929/002311.785:ERROR:components\viz\service\transitions\surface_animation_manager.cc:274] No SurfaceAnimationManager for token : EDCC309C4791D4E1AB58497C071822B6
[0929/002340.190:ERROR:gpu\command_buffer\service\gl_utils.cc:430] [.WebGL-0xa1402696e00]GL Driver Message (OpenGL, Performance, GL_CLOSE_PATH_NV, High): GPU stall due to ReadPixels
[0929/002340.289:ERROR:components\viz\service\frame_sinks\frame_sink_manager_impl.cc:1285] SurfaceAnimationManager missing for |transition_token| : (40F8DFD6ABB599BCD1AEF65C68C216E8)
[0929/002340.290:ERROR:components\viz\service\transitions\surface_animation_manager.cc:274] No SurfaceAnimationManager for token : 40F8DFD6ABB599BCD1AEF65C68C216E8
[0929/002340.290:ERROR:components\viz\service\transitions\surface_animation_manager.cc:274] No SurfaceAnimationManager for token : 40F8DFD6ABB599BCD1AEF65C68C216E8
[0929/002340.290:ERROR:components\viz\service\transitions\surface_animation_manager.cc:274] No SurfaceAnimationManager for token : 40F8DFD6ABB599BCD1AEF65C68C216E8
[0929/002340.328:ERROR:components\viz\service\transitions\surface_animation_manager.cc:274] No SurfaceAnimationManager for token : 40F8DFD6ABB599BCD1AEF65C68C216E8
[0929/002340.328:ERROR:components\viz\service\transitions\surface_animation_manager.cc:274] No SurfaceAnimationManager for token : 40F8DFD6ABB599BCD1AEF65C68C216E8
[0929/002340.328:ERROR:components\viz\service\transitions\surface_animation_manager.cc:274] No SurfaceAnimationManager for token : 40F8DFD6ABB599BCD1AEF65C68C216E8
[0929/002340.344:ERROR:components\viz\service\transitions\surface_animation_manager.cc:274] No SurfaceAnimationManager for token : 40F8DFD6ABB599BCD1AEF65C68C216E8
[0929/002340.345:ERROR:components\viz\service\transitions\surface_animation_manager.cc:274] No SurfaceAnimationManager for token : 40F8DFD6ABB599BCD1AEF65C68C216E8
[0929/002340.345:ERROR:components\viz\service\transitions\surface_animation_manager.cc:274] No SurfaceAnimationManager for token : 40F8DFD6ABB599BCD1AEF65C68C216E8
[0929/002340.362:ERROR:components\viz\service\transitions\surface_animation_manager.cc:274] No SurfaceAnimationManager for token : 40F8DFD6ABB599BCD1AEF65C68C216E8
[0929/002340.362:ERROR:components\viz\service\transitions\surface_animation_manager.cc:274] No SurfaceAnimationManager for token : 40F8DFD6ABB599BCD1AEF65C68C216E8
[0929/002340.362:ERROR:components\viz\service\transitions\surface_animation_manager.cc:274] No SurfaceAnimationManager for token : 40F8DFD6ABB599BCD1AEF65C68C216E8
[0929/002340.379:ERROR:components\viz\service\transitions\surface_animation_manager.cc:274] No SurfaceAnimationManager for token : 40F8DFD6ABB599BCD1AEF65C68C216E8
[0929/002340.379:ERROR:components\viz\service\transitions\surface_animation_manager.cc:274] No SurfaceAnimationManager for token : 40F8DFD6ABB599BCD1AEF65C68C216E8
[0929/002340.379:ERROR:components\viz\service\transitions\surface_animation_manager.cc:274] No SurfaceAnimationManager for token : 40F8DFD6ABB599BCD1AEF65C68C216E8
[0929/002340.395:ERROR:components\viz\service\transitions\surface_animation_manager.cc:274] No SurfaceAnimationManager for token : 40F8DFD6ABB599BCD1AEF65C68C216E8
[0929/002340.395:ERROR:components\viz\service\transitions\surface_animation_manager.cc:274] No SurfaceAnimationManager for token : 40F8DFD6ABB599BCD1AEF65C68C216E8
[0929/002340.395:ERROR:components\viz\service\transitions\surface_animation_manager.cc:274] No SurfaceAnimationManager for token : 40F8DFD6ABB599BCD1AEF65C68C216E8
[0929/002340.410:ERROR:gpu\command_buffer\service\gl_utils.cc:430] [.WebGL-0xa1402696e00]GL Driver Message (OpenGL, Performance, GL_CLOSE_PATH_NV, High): GPU stall due to ReadPixels
[0929/002340.437:ERROR:components\viz\service\transitions\surface_animation_manager.cc:274] No SurfaceAnimationManager for token : 40F8DFD6ABB599BCD1AEF65C68C216E8
[0929/002340.437:ERROR:components\viz\service\transitions\surface_animation_manager.cc:274] No SurfaceAnimationManager for token : 40F8DFD6ABB599BCD1AEF65C68C216E8
[0929/002340.437:ERROR:components\viz\service\transitions\surface_animation_manager.cc:274] No SurfaceAnimationManager for token : 40F8DFD6ABB599BCD1AEF65C68C216E8
[0929/002340.445:ERROR:gpu\command_buffer\service\gl_utils.cc:430] [.WebGL-0xa1402696e00]GL Driver Message (OpenGL, Performance, GL_CLOSE_PATH_NV, High): GPU stall due to ReadPixels
[0929/002340.466:ERROR:components\viz\service\transitions\surface_animation_manager.cc:274] No SurfaceAnimationManager for token : 40F8DFD6ABB599BCD1AEF65C68C216E8
[0929/002340.467:ERROR:components\viz\service\transitions\surface_animation_manager.cc:274] No SurfaceAnimationManager for token : 40F8DFD6ABB599BCD1AEF65C68C216E8
[0929/002340.467:ERROR:components\viz\service\transitions\surface_animation_manager.cc:274] No SurfaceAnimationManager for token : 40F8DFD6ABB599BCD1AEF65C68C216E8
[0929/002340.491:ERROR:components\viz\service\transitions\surface_animation_manager.cc:274] No SurfaceAnimationManager for token : 40F8DFD6ABB599BCD1AEF65C68C216E8
[0929/002340.491:ERROR:components\viz\service\transitions\surface_animation_manager.cc:274] No SurfaceAnimationManager for token : 40F8DFD6ABB599BCD1AEF65C68C216E8
[0929/002340.493:ERROR:gpu\command_buffer\service\gl_utils.cc:430] [.WebGL-0xa1402696e00]GL Driver Message (OpenGL, Performance, GL_CLOSE_PATH_NV, High): GPU stall due to ReadPixels (this message will no longer repeat)
[0929/002340.531:ERROR:components\viz\service\transitions\surface_animation_manager.cc:274] No SurfaceAnimationManager for token : 40F8DFD6ABB599BCD1AEF65C68C216E8
[0929/002340.531:ERROR:components\viz\service\transitions\surface_animation_manager.cc:274] No SurfaceAnimationManager for token : 40F8DFD6ABB599BCD1AEF65C68C216E8
[0929/002340.580:ERROR:components\viz\service\transitions\surface_animation_manager.cc:274] No SurfaceAnimationManager for token : 40F8DFD6ABB599BCD1AEF65C68C216E8
[0929/002340.580:ERROR:components\viz\service\transitions\surface_animation_manager.cc:274] No SurfaceAnimationManager for token : 40F8DFD6ABB599BCD1AEF65C68C216E8
[0929/002340.627:ERROR:components\viz\service\transitions\surface_animation_manager.cc:274] No SurfaceAnimationManager for token : 40F8DFD6ABB599BCD1AEF65C68C216E8
[0929/002340.627:ERROR:components\viz\service\transitions\surface_animation_manager.cc:274] No SurfaceAnimationManager for token : 40F8DFD6ABB599BCD1AEF65C68C216E8
[0929/002340.675:ERROR:components\viz\service\transitions\surface_animation_manager.cc:274] No SurfaceAnimationManager for token : 40F8DFD6ABB599BCD1AEF65C68C216E8
[0929/002340.675:ERROR:components\viz\service\transitions\surface_animation_manager.cc:274] No SurfaceAnimationManager for token : 40F8DFD6ABB599BCD1AEF65C68C216E8
[0929/002340.726:ERROR:components\viz\service\transitions\surface_animation_manager.cc:274] No SurfaceAnimationManager for token : 40F8DFD6ABB599BCD1AEF65C68C216E8
[0929/002340.726:ERROR:components\viz\service\transitions\surface_animation_manager.cc:274] No SurfaceAnimationManager for token : 40F8DFD6ABB599BCD1AEF65C68C216E8
[0929/002340.766:ERROR:components\viz\service\transitions\surface_animation_manager.cc:274] No SurfaceAnimationManager for token : 40F8DFD6ABB599BCD1AEF65C68C216E8
[0929/002340.766:ERROR:components\viz\service\transitions\surface_animation_manager.cc:274] No SurfaceAnimationManager for token : 40F8DFD6ABB599BCD1AEF65C68C216E8
[0929/002340.801:ERROR:components\viz\service\transitions\surface_animation_manager.cc:274] No SurfaceAnimationManager for token : 40F8DFD6ABB599BCD1AEF65C68C216E8
[0929/002340.801:ERROR:components\viz\service\transitions\surface_animation_manager.cc:274] No SurfaceAnimationManager for token : 40F8DFD6ABB599BCD1AEF65C68C216E8
[0929/002340.834:ERROR:components\viz\service\transitions\surface_animation_manager.cc:274] No SurfaceAnimationManager for token : 40F8DFD6ABB599BCD1AEF65C68C216E8
[0929/002340.851:ERROR:components\viz\service\transitions\surface_animation_manager.cc:274] No SurfaceAnimationManager for token : 40F8DFD6ABB599BCD1AEF65C68C216E8
[0929/002340.879:ERROR:components\viz\service\transitions\surface_animation_manager.cc:274] No SurfaceAnimationManager for token : 40F8DFD6ABB599BCD1AEF65C68C216E8
[0929/002340.899:ERROR:components\viz\service\transitions\surface_animation_manager.cc:274] No SurfaceAnimationManager for token : 40F8DFD6ABB599BCD1AEF65C68C216E8
[0929/002340.917:ERROR:components\viz\service\transitions\surface_animation_manager.cc:274] No SurfaceAnimationManager for token : 40F8DFD6ABB599BCD1AEF65C68C216E8
[0929/002340.944:ERROR:components\viz\service\transitions\surface_animation_manager.cc:274] No SurfaceAnimationManager for token : 40F8DFD6ABB599BCD1AEF65C68C216E8
[0929/002340.960:ERROR:components\viz\service\transitions\surface_animation_manager.cc:274] No SurfaceAnimationManager for token : 40F8DFD6ABB599BCD1AEF65C68C216E8
[0929/002340.983:ERROR:components\viz\service\transitions\surface_animation_manager.cc:274] No SurfaceAnimationManager for token : 40F8DFD6ABB599BCD1AEF65C68C216E8
[0929/002341.007:ERROR:components\viz\service\transitions\surface_animation_manager.cc:274] No SurfaceAnimationManager for token : 40F8DFD6ABB599BCD1AEF65C68C216E8
[0929/002341.030:ERROR:components\viz\service\transitions\surface_animation_manager.cc:274] No SurfaceAnimationManager for token : 40F8DFD6ABB599BCD1AEF65C68C216E8
[0929/002341.052:ERROR:components\viz\service\transitions\surface_animation_manager.cc:274] No SurfaceAnimationManager for token : 40F8DFD6ABB599BCD1AEF65C68C216E8
[0929/002341.071:ERROR:components\viz\service\transitions\surface_animation_manager.cc:274] No SurfaceAnimationManager for token : 40F8DFD6ABB599BCD1AEF65C68C216E8
[0929/002341.102:ERROR:components\viz\service\transitions\surface_animation_manager.cc:274] No SurfaceAnimationManager for token : 40F8DFD6ABB599BCD1AEF65C68C216E8
[0929/002341.130:ERROR:components\viz\service\transitions\surface_animation_manager.cc:274] No SurfaceAnimationManager for token : 40F8DFD6ABB599BCD1AEF65C68C216E8
[0929/002341.160:ERROR:components\viz\service\transitions\surface_animation_manager.cc:274] No SurfaceAnimationManager for token : 40F8DFD6ABB599BCD1AEF65C68C216E8
[0929/002341.177:ERROR:components\viz\service\transitions\surface_animation_manager.cc:274] No SurfaceAnimationManager for token : 40F8DFD6ABB599BCD1AEF65C68C216E8
[0929/002341.203:ERROR:components\viz\service\transitions\surface_animation_manager.cc:274] No SurfaceAnimationManager for token : 40F8DFD6ABB599BCD1AEF65C68C216E8
[0929/002341.232:ERROR:components\viz\service\transitions\surface_animation_manager.cc:274] No SurfaceAnimationManager for token : 40F8DFD6ABB599BCD1AEF65C68C216E8
[0929/002341.261:ERROR:components\viz\service\transitions\surface_animation_manager.cc:274] No SurfaceAnimationManager for token : 40F8DFD6ABB599BCD1AEF65C68C216E8
[0929/002341.280:ERROR:components\viz\service\transitions\surface_animation_manager.cc:274] No SurfaceAnimationManager for token : 40F8DFD6ABB599BCD1AEF65C68C216E8
[0929/002341.307:ERROR:components\viz\service\transitions\surface_animation_manager.cc:274] No SurfaceAnimationManager for token : 40F8DFD6ABB599BCD1AEF65C68C216E8
[0929/002341.325:ERROR:components\viz\service\transitions\surface_animation_manager.cc:274] No SurfaceAnimationManager for token : 40F8DFD6ABB599BCD1AEF65C68C216E8
[0929/002341.351:ERROR:components\viz\service\transitions\surface_animation_manager.cc:274] No SurfaceAnimationManager for token : 40F8DFD6ABB599BCD1AEF65C68C216E8
[0929/002341.383:ERROR:components\viz\service\transitions\surface_animation_manager.cc:274] No SurfaceAnimationManager for token : 40F8DFD6ABB599BCD1AEF65C68C216E8
[0929/002341.414:ERROR:components\viz\service\transitions\surface_animation_manager.cc:274] No SurfaceAnimationManager for token : 40F8DFD6ABB599BCD1AEF65C68C216E8
[0929/002341.443:ERROR:components\viz\service\transitions\surface_animation_manager.cc:274] No SurfaceAnimationManager for token : 40F8DFD6ABB599BCD1AEF65C68C216E8
[0929/002341.465:ERROR:components\viz\service\transitions\surface_animation_manager.cc:274] No SurfaceAnimationManager for token : 40F8DFD6ABB599BCD1AEF65C68C216E8
[0929/002341.492:ERROR:components\viz\service\transitions\surface_animation_manager.cc:274] No SurfaceAnimationManager for token : 40F8DFD6ABB599BCD1AEF65C68C216E8
[0929/002341.516:ERROR:components\viz\service\transitions\surface_animation_manager.cc:274] No SurfaceAnimationManager for token : 40F8DFD6ABB599BCD1AEF65C68C216E8
[0929/002341.516:ERROR:components\viz\service\transitions\surface_animation_manager.cc:274] No SurfaceAnimationManager for token : 40F8DFD6ABB599BCD1AEF65C68C216E8
[0929/002341.558:ERROR:components\viz\service\transitions\surface_animation_manager.cc:274] No SurfaceAnimationManager for token : 40F8DFD6ABB599BCD1AEF65C68C216E8
[0929/002341.558:ERROR:components\viz\service\transitions\surface_animation_manager.cc:274] No SurfaceAnimationManager for token : 40F8DFD6ABB599BCD1AEF65C68C216E8
[0929/002341.605:ERROR:components\viz\service\transitions\surface_animation_manager.cc:274] No SurfaceAnimationManager for token : 40F8DFD6ABB599BCD1AEF65C68C216E8
[0929/002341.605:ERROR:components\viz\service\transitions\surface_animation_manager.cc:274] No SurfaceAnimationManager for token : 40F8DFD6ABB599BCD1AEF65C68C216E8
[0929/002341.661:ERROR:components\viz\service\transitions\surface_animation_manager.cc:274] No SurfaceAnimationManager for token : 40F8DFD6ABB599BCD1AEF65C68C216E8
[0929/002341.661:ERROR:components\viz\service\transitions\surface_animation_manager.cc:274] No SurfaceAnimationManager for token : 40F8DFD6ABB599BCD1AEF65C68C216E8
[0929/002341.704:ERROR:components\viz\service\transitions\surface_animation_manager.cc:274] No SurfaceAnimationManager for token : 40F8DFD6ABB599BCD1AEF65C68C216E8
[0929/002341.704:ERROR:components\viz\service\transitions\surface_animation_manager.cc:274] No SurfaceAnimationManager for token : 40F8DFD6ABB599BCD1AEF65C68C216E8
[0929/002341.762:ERROR:components\viz\service\transitions\surface_animation_manager.cc:274] No SurfaceAnimationManager for token : 40F8DFD6ABB599BCD1AEF65C68C216E8
[0929/002341.762:ERROR:components\viz\service\transitions\surface_animation_manager.cc:274] No SurfaceAnimationManager for token : 40F8DFD6ABB599BCD1AEF65C68C216E8
[0929/002341.809:ERROR:components\viz\service\transitions\surface_animation_manager.cc:274] No SurfaceAnimationManager for token : 40F8DFD6ABB599BCD1AEF65C68C216E8
[0929/002341.809:ERROR:components\viz\service\transitions\surface_animation_manager.cc:274] No SurfaceAnimationManager for token : 40F8DFD6ABB599BCD1AEF65C68C216E8
[0929/002341.842:ERROR:components\viz\service\transitions\surface_animation_manager.cc:274] No SurfaceAnimationManager for token : 40F8DFD6ABB599BCD1AEF65C68C216E8
[0929/002341.842:ERROR:components\viz\service\transitions\surface_animation_manager.cc:274] No SurfaceAnimationManager for token : 40F8DFD6ABB599BCD1AEF65C68C216E8
[0929/002341.877:ERROR:components\viz\service\transitions\surface_animation_manager.cc:274] No SurfaceAnimationManager for token : 40F8DFD6ABB599BCD1AEF65C68C216E8
[0929/002341.877:ERROR:components\viz\service\transitions\surface_animation_manager.cc:274] No SurfaceAnimationManager for token : 40F8DFD6ABB599BCD1AEF65C68C216E8
[0929/002341.916:ERROR:components\viz\service\transitions\surface_animation_manager.cc:274] No SurfaceAnimationManager for token : 40F8DFD6ABB599BCD1AEF65C68C216E8
[0929/002341.916:ERROR:components\viz\service\transitions\surface_animation_manager.cc:274] No SurfaceAnimationManager for token : 40F8DFD6ABB599BCD1AEF65C68C216E8
[0929/002341.959:ERROR:components\viz\service\transitions\surface_animation_manager.cc:274] No SurfaceAnimationManager for token : 40F8DFD6ABB599BCD1AEF65C68C216E8
[0929/002341.959:ERROR:components\viz\service\transitions\surface_animation_manager.cc:274] No SurfaceAnimationManager for token : 40F8DFD6ABB599BCD1AEF65C68C216E8
[0929/002342.007:ERROR:components\viz\service\transitions\surface_animation_manager.cc:274] No SurfaceAnimationManager for token : 40F8DFD6ABB599BCD1AEF65C68C216E8
[0929/002342.007:ERROR:components\viz\service\transitions\surface_animation_manager.cc:274] No SurfaceAnimationManager for token : 40F8DFD6ABB599BCD1AEF65C68C216E8
[0929/002342.042:ERROR:components\viz\service\transitions\surface_animation_manager.cc:274] No SurfaceAnimationManager for token : 40F8DFD6ABB599BCD1AEF65C68C216E8
[0929/002342.042:ERROR:components\viz\service\transitions\surface_animation_manager.cc:274] No SurfaceAnimationManager for token : 40F8DFD6ABB599BCD1AEF65C68C216E8
[0929/002342.092:ERROR:components\viz\service\transitions\surface_animation_manager.cc:274] No SurfaceAnimationManager for token : 40F8DFD6ABB599BCD1AEF65C68C216E8
[0929/002342.092:ERROR:components\viz\service\transitions\surface_animation_manager.cc:274] No SurfaceAnimationManager for token : 40F8DFD6ABB599BCD1AEF65C68C216E8
[0929/002342.144:ERROR:components\viz\service\transitions\surface_animation_manager.cc:274] No SurfaceAnimationManager for token : 40F8DFD6ABB599BCD1AEF65C68C216E8
[0929/002342.144:ERROR:components\viz\service\transitions\surface_animation_manager.cc:274] No SurfaceAnimationManager for token : 40F8DFD6ABB599BCD1AEF65C68C216E8
[0929/002342.181:ERROR:components\viz\service\transitions\surface_animation_manager.cc:274] No SurfaceAnimationManager for token : 40F8DFD6ABB599BCD1AEF65C68C216E8
[0929/002342.181:ERROR:components\viz\service\transitions\surface_animation_manager.cc:274] No SurfaceAnimationManager for token : 40F8DFD6ABB599BCD1AEF65C68C216E8
[0929/002412.898:ERROR:gpu\command_buffer\service\gl_utils.cc:430] [.WebGL-0x78ac001c7a00]GL Driver Message (OpenGL, Performance, GL_CLOSE_PATH_NV, High): GPU stall due to ReadPixels
[0929/002413.147:ERROR:gpu\command_buffer\service\gl_utils.cc:430] [.WebGL-0x78ac001c7a00]GL Driver Message (OpenGL, Performance, GL_CLOSE_PATH_NV, High): GPU stall due to ReadPixels
[0929/002413.194:ERROR:gpu\command_buffer\service\gl_utils.cc:430] [.WebGL-0x78ac001c7a00]GL Driver Message (OpenGL, Performance, GL_CLOSE_PATH_NV, High): GPU stall due to ReadPixels
[0929/002413.228:ERROR:gpu\command_buffer\service\gl_utils.cc:430] [.WebGL-0x78ac001c7a00]GL Driver Message (OpenGL, Performance, GL_CLOSE_PATH_NV, High): GPU stall due to ReadPixels (this message will no longer repeat)
[0929/002520.757:ERROR:gpu\command_buffer\service\gl_utils.cc:430] [.WebGL-0x49bc007bf600]GL Driver Message (OpenGL, Performance, GL_CLOSE_PATH_NV, High): GPU stall due to ReadPixels
[0929/002520.870:ERROR:components\viz\service\frame_sinks\frame_sink_manager_impl.cc:1285] SurfaceAnimationManager missing for |transition_token| : (2237A81C4B26849935BEF2F2A9E6B9BD)
[0929/002520.871:ERROR:components\viz\service\transitions\surface_animation_manager.cc:274] No SurfaceAnimationManager for token : 2237A81C4B26849935BEF2F2A9E6B9BD
[0929/002520.871:ERROR:components\viz\service\transitions\surface_animation_manager.cc:274] No SurfaceAnimationManager for token : 2237A81C4B26849935BEF2F2A9E6B9BD
[0929/002520.871:ERROR:components\viz\service\transitions\surface_animation_manager.cc:274] No SurfaceAnimationManager for token : 2237A81C4B26849935BEF2F2A9E6B9BD
[0929/002520.906:ERROR:components\viz\service\transitions\surface_animation_manager.cc:274] No SurfaceAnimationManager for token : 2237A81C4B26849935BEF2F2A9E6B9BD
[0929/002520.906:ERROR:components\viz\service\transitions\surface_animation_manager.cc:274] No SurfaceAnimationManager for token : 2237A81C4B26849935BEF2F2A9E6B9BD
[0929/002520.906:ERROR:components\viz\service\transitions\surface_animation_manager.cc:274] No SurfaceAnimationManager for token : 2237A81C4B26849935BEF2F2A9E6B9BD
[0929/002520.923:ERROR:components\viz\service\transitions\surface_animation_manager.cc:274] No SurfaceAnimationManager for token : 2237A81C4B26849935BEF2F2A9E6B9BD
[0929/002520.924:ERROR:components\viz\service\transitions\surface_animation_manager.cc:274] No SurfaceAnimationManager for token : 2237A81C4B26849935BEF2F2A9E6B9BD
[0929/002520.924:ERROR:components\viz\service\transitions\surface_animation_manager.cc:274] No SurfaceAnimationManager for token : 2237A81C4B26849935BEF2F2A9E6B9BD
[0929/002520.941:ERROR:components\viz\service\transitions\surface_animation_manager.cc:274] No SurfaceAnimationManager for token : 2237A81C4B26849935BEF2F2A9E6B9BD
[0929/002520.941:ERROR:components\viz\service\transitions\surface_animation_manager.cc:274] No SurfaceAnimationManager for token : 2237A81C4B26849935BEF2F2A9E6B9BD
[0929/002520.941:ERROR:components\viz\service\transitions\surface_animation_manager.cc:274] No SurfaceAnimationManager for token : 2237A81C4B26849935BEF2F2A9E6B9BD
[0929/002520.956:ERROR:components\viz\service\transitions\surface_animation_manager.cc:274] No SurfaceAnimationManager for token : 2237A81C4B26849935BEF2F2A9E6B9BD
[0929/002520.956:ERROR:components\viz\service\transitions\surface_animation_manager.cc:274] No SurfaceAnimationManager for token : 2237A81C4B26849935BEF2F2A9E6B9BD
[0929/002520.956:ERROR:components\viz\service\transitions\surface_animation_manager.cc:274] No SurfaceAnimationManager for token : 2237A81C4B26849935BEF2F2A9E6B9BD
[0929/002520.983:ERROR:components\viz\service\transitions\surface_animation_manager.cc:274] No SurfaceAnimationManager for token : 2237A81C4B26849935BEF2F2A9E6B9BD
[0929/002520.983:ERROR:components\viz\service\transitions\surface_animation_manager.cc:274] No SurfaceAnimationManager for token : 2237A81C4B26849935BEF2F2A9E6B9BD
[0929/002520.983:ERROR:components\viz\service\transitions\surface_animation_manager.cc:274] No SurfaceAnimationManager for token : 2237A81C4B26849935BEF2F2A9E6B9BD
[0929/002521.001:ERROR:gpu\command_buffer\service\gl_utils.cc:430] [.WebGL-0x49bc007bf600]GL Driver Message (OpenGL, Performance, GL_CLOSE_PATH_NV, High): GPU stall due to ReadPixels
[0929/002521.014:ERROR:components\viz\service\transitions\surface_animation_manager.cc:274] No SurfaceAnimationManager for token : 2237A81C4B26849935BEF2F2A9E6B9BD
[0929/002521.014:ERROR:components\viz\service\transitions\surface_animation_manager.cc:274] No SurfaceAnimationManager for token : 2237A81C4B26849935BEF2F2A9E6B9BD
[0929/002521.014:ERROR:components\viz\service\transitions\surface_animation_manager.cc:274] No SurfaceAnimationManager for token : 2237A81C4B26849935BEF2F2A9E6B9BD
[0929/002521.045:ERROR:components\viz\service\transitions\surface_animation_manager.cc:274] No SurfaceAnimationManager for token : 2237A81C4B26849935BEF2F2A9E6B9BD
[0929/002521.045:ERROR:components\viz\service\transitions\surface_animation_manager.cc:274] No SurfaceAnimationManager for token : 2237A81C4B26849935BEF2F2A9E6B9BD
[0929/002521.045:ERROR:components\viz\service\transitions\surface_animation_manager.cc:274] No SurfaceAnimationManager for token : 2237A81C4B26849935BEF2F2A9E6B9BD
[0929/002521.049:ERROR:gpu\command_buffer\service\gl_utils.cc:430] [.WebGL-0x49bc007bf600]GL Driver Message (OpenGL, Performance, GL_CLOSE_PATH_NV, High): GPU stall due to ReadPixels
[0929/002521.083:ERROR:components\viz\service\transitions\surface_animation_manager.cc:274] No SurfaceAnimationManager for token : 2237A81C4B26849935BEF2F2A9E6B9BD
[0929/002521.083:ERROR:components\viz\service\transitions\surface_animation_manager.cc:274] No SurfaceAnimationManager for token : 2237A81C4B26849935BEF2F2A9E6B9BD
[0929/002521.084:ERROR:gpu\command_buffer\service\gl_utils.cc:430] [.WebGL-0x49bc007bf600]GL Driver Message (OpenGL, Performance, GL_CLOSE_PATH_NV, High): GPU stall due to ReadPixels (this message will no longer repeat)
[0929/002521.137:ERROR:components\viz\service\transitions\surface_animation_manager.cc:274] No SurfaceAnimationManager for token : 2237A81C4B26849935BEF2F2A9E6B9BD
[0929/002521.137:ERROR:components\viz\service\transitions\surface_animation_manager.cc:274] No SurfaceAnimationManager for token : 2237A81C4B26849935BEF2F2A9E6B9BD
[0929/002521.192:ERROR:components\viz\service\transitions\surface_animation_manager.cc:274] No SurfaceAnimationManager for token : 2237A81C4B26849935BEF2F2A9E6B9BD
[0929/002521.192:ERROR:components\viz\service\transitions\surface_animation_manager.cc:274] No SurfaceAnimationManager for token : 2237A81C4B26849935BEF2F2A9E6B9BD
[0929/002521.232:ERROR:components\viz\service\transitions\surface_animation_manager.cc:274] No SurfaceAnimationManager for token : 2237A81C4B26849935BEF2F2A9E6B9BD
[0929/002521.232:ERROR:components\viz\service\transitions\surface_animation_manager.cc:274] No SurfaceAnimationManager for token : 2237A81C4B26849935BEF2F2A9E6B9BD
[0929/002521.299:ERROR:components\viz\service\transitions\surface_animation_manager.cc:274] No SurfaceAnimationManager for token : 2237A81C4B26849935BEF2F2A9E6B9BD
[0929/002521.299:ERROR:components\viz\service\transitions\surface_animation_manager.cc:274] No SurfaceAnimationManager for token : 2237A81C4B26849935BEF2F2A9E6B9BD
[0929/002521.351:ERROR:components\viz\service\transitions\surface_animation_manager.cc:274] No SurfaceAnimationManager for token : 2237A81C4B26849935BEF2F2A9E6B9BD
[0929/002521.351:ERROR:components\viz\service\transitions\surface_animation_manager.cc:274] No SurfaceAnimationManager for token : 2237A81C4B26849935BEF2F2A9E6B9BD
[0929/002521.390:ERROR:components\viz\service\transitions\surface_animation_manager.cc:274] No SurfaceAnimationManager for token : 2237A81C4B26849935BEF2F2A9E6B9BD
[0929/002521.390:ERROR:components\viz\service\transitions\surface_animation_manager.cc:274] No SurfaceAnimationManager for token : 2237A81C4B26849935BEF2F2A9E6B9BD
[0929/002521.437:ERROR:components\viz\service\transitions\surface_animation_manager.cc:274] No SurfaceAnimationManager for token : 2237A81C4B26849935BEF2F2A9E6B9BD
[0929/002521.437:ERROR:components\viz\service\transitions\surface_animation_manager.cc:274] No SurfaceAnimationManager for token : 2237A81C4B26849935BEF2F2A9E6B9BD
[0929/002521.486:ERROR:components\viz\service\transitions\surface_animation_manager.cc:274] No SurfaceAnimationManager for token : 2237A81C4B26849935BEF2F2A9E6B9BD
[0929/002521.486:ERROR:components\viz\service\transitions\surface_animation_manager.cc:274] No SurfaceAnimationManager for token : 2237A81C4B26849935BEF2F2A9E6B9BD
[0929/002521.533:ERROR:components\viz\service\transitions\surface_animation_manager.cc:274] No SurfaceAnimationManager for token : 2237A81C4B26849935BEF2F2A9E6B9BD
[0929/002521.533:ERROR:components\viz\service\transitions\surface_animation_manager.cc:274] No SurfaceAnimationManager for token : 2237A81C4B26849935BEF2F2A9E6B9BD
[0929/002521.575:ERROR:components\viz\service\transitions\surface_animation_manager.cc:274] No SurfaceAnimationManager for token : 2237A81C4B26849935BEF2F2A9E6B9BD
[0929/002521.575:ERROR:components\viz\service\transitions\surface_animation_manager.cc:274] No SurfaceAnimationManager for token : 2237A81C4B26849935BEF2F2A9E6B9BD
[0929/002521.617:ERROR:components\viz\service\transitions\surface_animation_manager.cc:274] No SurfaceAnimationManager for token : 2237A81C4B26849935BEF2F2A9E6B9BD
[0929/002521.617:ERROR:components\viz\service\transitions\surface_animation_manager.cc:274] No SurfaceAnimationManager for token : 2237A81C4B26849935BEF2F2A9E6B9BD
[0929/002521.655:ERROR:components\viz\service\transitions\surface_animation_manager.cc:274] No SurfaceAnimationManager for token : 2237A81C4B26849935BEF2F2A9E6B9BD
[0929/002521.655:ERROR:components\viz\service\transitions\surface_animation_manager.cc:274] No SurfaceAnimationManager for token : 2237A81C4B26849935BEF2F2A9E6B9BD
[0929/002521.693:ERROR:components\viz\service\transitions\surface_animation_manager.cc:274] No SurfaceAnimationManager for token : 2237A81C4B26849935BEF2F2A9E6B9BD
[0929/002521.693:ERROR:components\viz\service\transitions\surface_animation_manager.cc:274] No SurfaceAnimationManager for token : 2237A81C4B26849935BEF2F2A9E6B9BD
[0929/002521.729:ERROR:components\viz\service\transitions\surface_animation_manager.cc:274] No SurfaceAnimationManager for token : 2237A81C4B26849935BEF2F2A9E6B9BD
[0929/002521.729:ERROR:components\viz\service\transitions\surface_animation_manager.cc:274] No SurfaceAnimationManager for token : 2237A81C4B26849935BEF2F2A9E6B9BD
[0929/002521.769:ERROR:components\viz\service\transitions\surface_animation_manager.cc:274] No SurfaceAnimationManager for token : 2237A81C4B26849935BEF2F2A9E6B9BD
[0929/002521.769:ERROR:components\viz\service\transitions\surface_animation_manager.cc:274] No SurfaceAnimationManager for token : 2237A81C4B26849935BEF2F2A9E6B9BD
[0929/002521.807:ERROR:components\viz\service\transitions\surface_animation_manager.cc:274] No SurfaceAnimationManager for token : 2237A81C4B26849935BEF2F2A9E6B9BD
[0929/002521.807:ERROR:components\viz\service\transitions\surface_animation_manager.cc:274] No SurfaceAnimationManager for token : 2237A81C4B26849935BEF2F2A9E6B9BD
[0929/002521.852:ERROR:components\viz\service\transitions\surface_animation_manager.cc:274] No SurfaceAnimationManager for token : 2237A81C4B26849935BEF2F2A9E6B9BD
[0929/002521.879:ERROR:components\viz\service\transitions\surface_animation_manager.cc:274] No SurfaceAnimationManager for token : 2237A81C4B26849935BEF2F2A9E6B9BD
[0929/002521.910:ERROR:components\viz\service\transitions\surface_animation_manager.cc:274] No SurfaceAnimationManager for token : 2237A81C4B26849935BEF2F2A9E6B9BD
[0929/002521.939:ERROR:components\viz\service\transitions\surface_animation_manager.cc:274] No SurfaceAnimationManager for token : 2237A81C4B26849935BEF2F2A9E6B9BD
[0929/002521.957:ERROR:components\viz\service\transitions\surface_animation_manager.cc:274] No SurfaceAnimationManager for token : 2237A81C4B26849935BEF2F2A9E6B9BD
[0929/002521.986:ERROR:components\viz\service\transitions\surface_animation_manager.cc:274] No SurfaceAnimationManager for token : 2237A81C4B26849935BEF2F2A9E6B9BD
[0929/002521.997:ERROR:components\viz\service\transitions\surface_animation_manager.cc:274] No SurfaceAnimationManager for token : 2237A81C4B26849935BEF2F2A9E6B9BD
[0929/002522.032:ERROR:components\viz\service\transitions\surface_animation_manager.cc:274] No SurfaceAnimationManager for token : 2237A81C4B26849935BEF2F2A9E6B9BD
[0929/002522.055:ERROR:components\viz\service\transitions\surface_animation_manager.cc:274] No SurfaceAnimationManager for token : 2237A81C4B26849935BEF2F2A9E6B9BD
[0929/002522.084:ERROR:components\viz\service\transitions\surface_animation_manager.cc:274] No SurfaceAnimationManager for token : 2237A81C4B26849935BEF2F2A9E6B9BD
[0929/002522.120:ERROR:components\viz\service\transitions\surface_animation_manager.cc:274] No SurfaceAnimationManager for token : 2237A81C4B26849935BEF2F2A9E6B9BD
[0929/002522.153:ERROR:components\viz\service\transitions\surface_animation_manager.cc:274] No SurfaceAnimationManager for token : 2237A81C4B26849935BEF2F2A9E6B9BD
[0929/002522.153:ERROR:components\viz\service\transitions\surface_animation_manager.cc:274] No SurfaceAnimationManager for token : 2237A81C4B26849935BEF2F2A9E6B9BD
[0929/002522.186:ERROR:components\viz\service\transitions\surface_animation_manager.cc:274] No SurfaceAnimationManager for token : 2237A81C4B26849935BEF2F2A9E6B9BD
[0929/002522.186:ERROR:components\viz\service\transitions\surface_animation_manager.cc:274] No SurfaceAnimationManager for token : 2237A81C4B26849935BEF2F2A9E6B9BD
[0929/002522.224:ERROR:components\viz\service\transitions\surface_animation_manager.cc:274] No SurfaceAnimationManager for token : 2237A81C4B26849935BEF2F2A9E6B9BD
[0929/002522.224:ERROR:components\viz\service\transitions\surface_animation_manager.cc:274] No SurfaceAnimationManager for token : 2237A81C4B26849935BEF2F2A9E6B9BD
[0929/002522.264:ERROR:components\viz\service\transitions\surface_animation_manager.cc:274] No SurfaceAnimationManager for token : 2237A81C4B26849935BEF2F2A9E6B9BD
[0929/002522.264:ERROR:components\viz\service\transitions\surface_animation_manager.cc:274] No SurfaceAnimationManager for token : 2237A81C4B26849935BEF2F2A9E6B9BD
[0929/002522.307:ERROR:components\viz\service\transitions\surface_animation_manager.cc:274] No SurfaceAnimationManager for token : 2237A81C4B26849935BEF2F2A9E6B9BD
[0929/002522.307:ERROR:components\viz\service\transitions\surface_animation_manager.cc:274] No SurfaceAnimationManager for token : 2237A81C4B26849935BEF2F2A9E6B9BD
[0929/002522.353:ERROR:components\viz\service\transitions\surface_animation_manager.cc:274] No SurfaceAnimationManager for token : 2237A81C4B26849935BEF2F2A9E6B9BD
[0929/002522.353:ERROR:components\viz\service\transitions\surface_animation_manager.cc:274] No SurfaceAnimationManager for token : 2237A81C4B26849935BEF2F2A9E6B9BD
[0929/002522.395:ERROR:components\viz\service\transitions\surface_animation_manager.cc:274] No SurfaceAnimationManager for token : 2237A81C4B26849935BEF2F2A9E6B9BD
[0929/002522.395:ERROR:components\viz\service\transitions\surface_animation_manager.cc:274] No SurfaceAnimationManager for token : 2237A81C4B26849935BEF2F2A9E6B9BD
[0929/002522.431:ERROR:components\viz\service\transitions\surface_animation_manager.cc:274] No SurfaceAnimationManager for token : 2237A81C4B26849935BEF2F2A9E6B9BD
[0929/002522.432:ERROR:components\viz\service\transitions\surface_animation_manager.cc:274] No SurfaceAnimationManager for token : 2237A81C4B26849935BEF2F2A9E6B9BD
[0929/002522.462:ERROR:components\viz\service\transitions\surface_animation_manager.cc:274] No SurfaceAnimationManager for token : 2237A81C4B26849935BEF2F2A9E6B9BD
[0929/002522.462:ERROR:components\viz\service\transitions\surface_animation_manager.cc:274] No SurfaceAnimationManager for token : 2237A81C4B26849935BEF2F2A9E6B9BD
[0929/002522.500:ERROR:components\viz\service\transitions\surface_animation_manager.cc:274] No SurfaceAnimationManager for token : 2237A81C4B26849935BEF2F2A9E6B9BD
[0929/002522.500:ERROR:components\viz\service\transitions\surface_animation_manager.cc:274] No SurfaceAnimationManager for token : 2237A81C4B26849935BEF2F2A9E6B9BD
[0929/002522.536:ERROR:components\viz\service\transitions\surface_animation_manager.cc:274] No SurfaceAnimationManager for token : 2237A81C4B26849935BEF2F2A9E6B9BD
[0929/002522.536:ERROR:components\viz\service\transitions\surface_animation_manager.cc:274] No SurfaceAnimationManager for token : 2237A81C4B26849935BEF2F2A9E6B9BD
[0929/002522.574:ERROR:components\viz\service\transitions\surface_animation_manager.cc:274] No SurfaceAnimationManager for token : 2237A81C4B26849935BEF2F2A9E6B9BD
[0929/002522.574:ERROR:components\viz\service\transitions\surface_animation_manager.cc:274] No SurfaceAnimationManager for token : 2237A81C4B26849935BEF2F2A9E6B9BD
[0929/002522.602:ERROR:components\viz\service\transitions\surface_animation_manager.cc:274] No SurfaceAnimationManager for token : 2237A81C4B26849935BEF2F2A9E6B9BD
[0929/002522.602:ERROR:components\viz\service\transitions\surface_animation_manager.cc:274] No SurfaceAnimationManager for token : 2237A81C4B26849935BEF2F2A9E6B9BD
[0929/002522.649:ERROR:components\viz\service\transitions\surface_animation_manager.cc:274] No SurfaceAnimationManager for token : 2237A81C4B26849935BEF2F2A9E6B9BD
[0929/002522.649:ERROR:components\viz\service\transitions\surface_animation_manager.cc:274] No SurfaceAnimationManager for token : 2237A81C4B26849935BEF2F2A9E6B9BD
[0929/002522.699:ERROR:components\viz\service\transitions\surface_animation_manager.cc:274] No SurfaceAnimationManager for token : 2237A81C4B26849935BEF2F2A9E6B9BD
[0929/002522.699:ERROR:components\viz\service\transitions\surface_animation_manager.cc:274] No SurfaceAnimationManager for token : 2237A81C4B26849935BEF2F2A9E6B9BD
[0929/002608.288:ERROR:gpu\command_buffer\service\gl_utils.cc:430] [.WebGL-0x393c018e9c00]GL Driver Message (OpenGL, Performance, GL_CLOSE_PATH_NV, High): GPU stall due to ReadPixels
[0929/002608.546:ERROR:gpu\command_buffer\service\gl_utils.cc:430] [.WebGL-0x393c018e9c00]GL Driver Message (OpenGL, Performance, GL_CLOSE_PATH_NV, High): GPU stall due to ReadPixels
[0929/002608.609:ERROR:gpu\command_buffer\service\gl_utils.cc:430] [.WebGL-0x393c018e9c00]GL Driver Message (OpenGL, Performance, GL_CLOSE_PATH_NV, High): GPU stall due to ReadPixels
[0929/002608.653:ERROR:gpu\command_buffer\service\gl_utils.cc:430] [.WebGL-0x393c018e9c00]GL Driver Message (OpenGL, Performance, GL_CLOSE_PATH_NV, High): GPU stall due to ReadPixels (this message will no longer repeat)
[0929/085646.795:ERROR:gpu\command_buffer\service\gl_utils.cc:430] [.WebGL-0x457c00b3ce00]GL Driver Message (OpenGL, Performance, GL_CLOSE_PATH_NV, High): GPU stall due to ReadPixels
[0929/085647.039:ERROR:gpu\command_buffer\service\gl_utils.cc:430] [.WebGL-0x457c00b3ce00]GL Driver Message (OpenGL, Performance, GL_CLOSE_PATH_NV, High): GPU stall due to ReadPixels
[0929/085647.084:ERROR:gpu\command_buffer\service\gl_utils.cc:430] [.WebGL-0x457c00b3ce00]GL Driver Message (OpenGL, Performance, GL_CLOSE_PATH_NV, High): GPU stall due to ReadPixels
[0929/085709.593:ERROR:gpu\command_buffer\service\gl_utils.cc:430] [.WebGL-0x7a2c02b20800]GL Driver Message (OpenGL, Performance, GL_CLOSE_PATH_NV, High): GPU stall due to ReadPixels
[0929/085709.881:ERROR:gpu\command_buffer\service\gl_utils.cc:430] [.WebGL-0x7a2c02b20800]GL Driver Message (OpenGL, Performance, GL_CLOSE_PATH_NV, High): GPU stall due to ReadPixels
[0929/085709.931:ERROR:gpu\command_buffer\service\gl_utils.cc:430] [.WebGL-0x7a2c02b20800]GL Driver Message (OpenGL, Performance, GL_CLOSE_PATH_NV, High): GPU stall due to ReadPixels
[0929/085710.015:ERROR:gpu\command_buffer\service\gl_utils.cc:430] [.WebGL-0x7a2c02b20800]GL Driver Message (OpenGL, Performance, GL_CLOSE_PATH_NV, High): GPU stall due to ReadPixels (this message will no longer repeat)
[0929/085808.937:ERROR:gpu\command_buffer\service\gl_utils.cc:430] [.WebGL-0xa8400b68600]GL Driver Message (OpenGL, Performance, GL_CLOSE_PATH_NV, High): GPU stall due to ReadPixels
[0929/085809.236:ERROR:gpu\command_buffer\service\gl_utils.cc:430] [.WebGL-0xa8400b68600]GL Driver Message (OpenGL, Performance, GL_CLOSE_PATH_NV, High): GPU stall due to ReadPixels
[0929/085809.286:ERROR:gpu\command_buffer\service\gl_utils.cc:430] [.WebGL-0xa8400b68600]GL Driver Message (OpenGL, Performance, GL_CLOSE_PATH_NV, High): GPU stall due to ReadPixels
[0929/085809.363:ERROR:gpu\command_buffer\service\gl_utils.cc:430] [.WebGL-0xa8400b68600]GL Driver Message (OpenGL, Performance, GL_CLOSE_PATH_NV, High): GPU stall due to ReadPixels (this message will no longer repeat)
[0929/090721.793:ERROR:gpu\command_buffer\service\gl_utils.cc:430] [.WebGL-0x4efc02ef5400]GL Driver Message (OpenGL, Performance, GL_CLOSE_PATH_NV, High): GPU stall due to ReadPixels
[0929/090721.994:ERROR:gpu\command_buffer\service\gl_utils.cc:430] [.WebGL-0x4efc02ef5400]GL Driver Message (OpenGL, Performance, GL_CLOSE_PATH_NV, High): GPU stall due to ReadPixels
[0929/090722.031:ERROR:gpu\command_buffer\service\gl_utils.cc:430] [.WebGL-0x4efc02ef5400]GL Driver Message (OpenGL, Performance, GL_CLOSE_PATH_NV, High): GPU stall due to ReadPixels
[0929/090722.076:ERROR:gpu\command_buffer\service\gl_utils.cc:430] [.WebGL-0x4efc02ef5400]GL Driver Message (OpenGL, Performance, GL_CLOSE_PATH_NV, High): GPU stall due to ReadPixels (this message will no longer repeat)
[0929/090724.717:ERROR:components\viz\service\frame_sinks\frame_sink_manager_impl.cc:1285] SurfaceAnimationManager missing for |transition_token| : (871E88D922299F363C0F6E5133DA52C5)
[0929/090724.717:ERROR:components\viz\service\transitions\surface_animation_manager.cc:274] No SurfaceAnimationManager for token : 871E88D922299F363C0F6E5133DA52C5
[0929/090724.717:ERROR:components\viz\service\transitions\surface_animation_manager.cc:274] No SurfaceAnimationManager for token : 871E88D922299F363C0F6E5133DA52C5
[0929/090724.800:ERROR:components\viz\service\transitions\surface_animation_manager.cc:274] No SurfaceAnimationManager for token : 871E88D922299F363C0F6E5133DA52C5
[0929/090724.800:ERROR:components\viz\service\transitions\surface_animation_manager.cc:274] No SurfaceAnimationManager for token : 871E88D922299F363C0F6E5133DA52C5
[0929/090724.849:ERROR:components\viz\service\transitions\surface_animation_manager.cc:274] No SurfaceAnimationManager for token : 871E88D922299F363C0F6E5133DA52C5
[0929/090724.849:ERROR:components\viz\service\transitions\surface_animation_manager.cc:274] No SurfaceAnimationManager for token : 871E88D922299F363C0F6E5133DA52C5
[0929/090724.897:ERROR:components\viz\service\transitions\surface_animation_manager.cc:274] No SurfaceAnimationManager for token : 871E88D922299F363C0F6E5133DA52C5
[0929/090724.897:ERROR:components\viz\service\transitions\surface_animation_manager.cc:274] No SurfaceAnimationManager for token : 871E88D922299F363C0F6E5133DA52C5
[0929/090724.937:ERROR:components\viz\service\transitions\surface_animation_manager.cc:274] No SurfaceAnimationManager for token : 871E88D922299F363C0F6E5133DA52C5
[0929/090724.937:ERROR:components\viz\service\transitions\surface_animation_manager.cc:274] No SurfaceAnimationManager for token : 871E88D922299F363C0F6E5133DA52C5
[0929/090724.967:ERROR:components\viz\service\transitions\surface_animation_manager.cc:274] No SurfaceAnimationManager for token : 871E88D922299F363C0F6E5133DA52C5
[0929/090724.967:ERROR:components\viz\service\transitions\surface_animation_manager.cc:274] No SurfaceAnimationManager for token : 871E88D922299F363C0F6E5133DA52C5
[0929/090725.006:ERROR:components\viz\service\transitions\surface_animation_manager.cc:274] No SurfaceAnimationManager for token : 871E88D922299F363C0F6E5133DA52C5
[0929/090725.006:ERROR:components\viz\service\transitions\surface_animation_manager.cc:274] No SurfaceAnimationManager for token : 871E88D922299F363C0F6E5133DA52C5
[0929/090725.048:ERROR:components\viz\service\transitions\surface_animation_manager.cc:274] No SurfaceAnimationManager for token : 871E88D922299F363C0F6E5133DA52C5
[0929/090725.048:ERROR:components\viz\service\transitions\surface_animation_manager.cc:274] No SurfaceAnimationManager for token : 871E88D922299F363C0F6E5133DA52C5
[0929/090725.084:ERROR:components\viz\service\transitions\surface_animation_manager.cc:274] No SurfaceAnimationManager for token : 871E88D922299F363C0F6E5133DA52C5
[0929/090725.084:ERROR:components\viz\service\transitions\surface_animation_manager.cc:274] No SurfaceAnimationManager for token : 871E88D922299F363C0F6E5133DA52C5
[0929/090725.120:ERROR:components\viz\service\transitions\surface_animation_manager.cc:274] No SurfaceAnimationManager for token : 871E88D922299F363C0F6E5133DA52C5
[0929/090725.121:ERROR:components\viz\service\transitions\surface_animation_manager.cc:274] No SurfaceAnimationManager for token : 871E88D922299F363C0F6E5133DA52C5
[0929/090725.154:ERROR:components\viz\service\transitions\surface_animation_manager.cc:274] No SurfaceAnimationManager for token : 871E88D922299F363C0F6E5133DA52C5
[0929/090725.154:ERROR:components\viz\service\transitions\surface_animation_manager.cc:274] No SurfaceAnimationManager for token : 871E88D922299F363C0F6E5133DA52C5
[0929/090725.193:ERROR:components\viz\service\transitions\surface_animation_manager.cc:274] No SurfaceAnimationManager for token : 871E88D922299F363C0F6E5133DA52C5
[0929/090725.193:ERROR:components\viz\service\transitions\surface_animation_manager.cc:274] No SurfaceAnimationManager for token : 871E88D922299F363C0F6E5133DA52C5
[0929/090725.224:ERROR:components\viz\service\transitions\surface_animation_manager.cc:274] No SurfaceAnimationManager for token : 871E88D922299F363C0F6E5133DA52C5
[0929/090725.224:ERROR:components\viz\service\transitions\surface_animation_manager.cc:274] No SurfaceAnimationManager for token : 871E88D922299F363C0F6E5133DA52C5
[0929/090725.259:ERROR:components\viz\service\transitions\surface_animation_manager.cc:274] No SurfaceAnimationManager for token : 871E88D922299F363C0F6E5133DA52C5
[0929/090725.259:ERROR:components\viz\service\transitions\surface_animation_manager.cc:274] No SurfaceAnimationManager for token : 871E88D922299F363C0F6E5133DA52C5
[0929/090725.291:ERROR:components\viz\service\transitions\surface_animation_manager.cc:274] No SurfaceAnimationManager for token : 871E88D922299F363C0F6E5133DA52C5
[0929/090725.291:ERROR:components\viz\service\transitions\surface_animation_manager.cc:274] No SurfaceAnimationManager for token : 871E88D922299F363C0F6E5133DA52C5
[0929/090725.325:ERROR:components\viz\service\transitions\surface_animation_manager.cc:274] No SurfaceAnimationManager for token : 871E88D922299F363C0F6E5133DA52C5
[0929/090725.325:ERROR:components\viz\service\transitions\surface_animation_manager.cc:274] No SurfaceAnimationManager for token : 871E88D922299F363C0F6E5133DA52C5
[0929/090725.359:ERROR:components\viz\service\transitions\surface_animation_manager.cc:274] No SurfaceAnimationManager for token : 871E88D922299F363C0F6E5133DA52C5
[0929/090725.359:ERROR:components\viz\service\transitions\surface_animation_manager.cc:274] No SurfaceAnimationManager for token : 871E88D922299F363C0F6E5133DA52C5
[0929/090725.385:ERROR:components\viz\service\transitions\surface_animation_manager.cc:274] No SurfaceAnimationManager for token : 871E88D922299F363C0F6E5133DA52C5
[0929/090725.385:ERROR:components\viz\service\transitions\surface_animation_manager.cc:274] No SurfaceAnimationManager for token : 871E88D922299F363C0F6E5133DA52C5
[0929/090725.415:ERROR:components\viz\service\transitions\surface_animation_manager.cc:274] No SurfaceAnimationManager for token : 871E88D922299F363C0F6E5133DA52C5
[0929/090725.415:ERROR:components\viz\service\transitions\surface_animation_manager.cc:274] No SurfaceAnimationManager for token : 871E88D922299F363C0F6E5133DA52C5
[0929/090725.439:ERROR:components\viz\service\transitions\surface_animation_manager.cc:274] No SurfaceAnimationManager for token : 871E88D922299F363C0F6E5133DA52C5
[0929/090725.439:ERROR:components\viz\service\transitions\surface_animation_manager.cc:274] No SurfaceAnimationManager for token : 871E88D922299F363C0F6E5133DA52C5
[0929/090725.471:ERROR:components\viz\service\transitions\surface_animation_manager.cc:274] No SurfaceAnimationManager for token : 871E88D922299F363C0F6E5133DA52C5
[0929/090725.471:ERROR:components\viz\service\transitions\surface_animation_manager.cc:274] No SurfaceAnimationManager for token : 871E88D922299F363C0F6E5133DA52C5
[0929/090725.503:ERROR:components\viz\service\transitions\surface_animation_manager.cc:274] No SurfaceAnimationManager for token : 871E88D922299F363C0F6E5133DA52C5
[0929/090725.503:ERROR:components\viz\service\transitions\surface_animation_manager.cc:274] No SurfaceAnimationManager for token : 871E88D922299F363C0F6E5133DA52C5
[0929/090725.537:ERROR:components\viz\service\transitions\surface_animation_manager.cc:274] No SurfaceAnimationManager for token : 871E88D922299F363C0F6E5133DA52C5
[0929/090725.537:ERROR:components\viz\service\transitions\surface_animation_manager.cc:274] No SurfaceAnimationManager for token : 871E88D922299F363C0F6E5133DA52C5
[0929/090725.573:ERROR:components\viz\service\transitions\surface_animation_manager.cc:274] No SurfaceAnimationManager for token : 871E88D922299F363C0F6E5133DA52C5
[0929/090725.573:ERROR:components\viz\service\transitions\surface_animation_manager.cc:274] No SurfaceAnimationManager for token : 871E88D922299F363C0F6E5133DA52C5
[0929/090725.621:ERROR:components\viz\service\transitions\surface_animation_manager.cc:274] No SurfaceAnimationManager for token : 871E88D922299F363C0F6E5133DA52C5
[0929/090725.621:ERROR:components\viz\service\transitions\surface_animation_manager.cc:274] No SurfaceAnimationManager for token : 871E88D922299F363C0F6E5133DA52C5
[0929/090725.666:ERROR:components\viz\service\transitions\surface_animation_manager.cc:274] No SurfaceAnimationManager for token : 871E88D922299F363C0F6E5133DA52C5
[0929/090725.666:ERROR:components\viz\service\transitions\surface_animation_manager.cc:274] No SurfaceAnimationManager for token : 871E88D922299F363C0F6E5133DA52C5
[0929/090725.706:ERROR:components\viz\service\transitions\surface_animation_manager.cc:274] No SurfaceAnimationManager for token : 871E88D922299F363C0F6E5133DA52C5
[0929/090725.706:ERROR:components\viz\service\transitions\surface_animation_manager.cc:274] No SurfaceAnimationManager for token : 871E88D922299F363C0F6E5133DA52C5
[0929/090725.744:ERROR:components\viz\service\transitions\surface_animation_manager.cc:274] No SurfaceAnimationManager for token : 871E88D922299F363C0F6E5133DA52C5
[0929/090725.744:ERROR:components\viz\service\transitions\surface_animation_manager.cc:274] No SurfaceAnimationManager for token : 871E88D922299F363C0F6E5133DA52C5
[0929/090725.780:ERROR:components\viz\service\transitions\surface_animation_manager.cc:274] No SurfaceAnimationManager for token : 871E88D922299F363C0F6E5133DA52C5
[0929/090725.780:ERROR:components\viz\service\transitions\surface_animation_manager.cc:274] No SurfaceAnimationManager for token : 871E88D922299F363C0F6E5133DA52C5
[0929/090725.817:ERROR:components\viz\service\transitions\surface_animation_manager.cc:274] No SurfaceAnimationManager for token : 871E88D922299F363C0F6E5133DA52C5
[0929/090725.817:ERROR:components\viz\service\transitions\surface_animation_manager.cc:274] No SurfaceAnimationManager for token : 871E88D922299F363C0F6E5133DA52C5
[0929/090725.851:ERROR:components\viz\service\transitions\surface_animation_manager.cc:274] No SurfaceAnimationManager for token : 871E88D922299F363C0F6E5133DA52C5
[0929/090725.851:ERROR:components\viz\service\transitions\surface_animation_manager.cc:274] No SurfaceAnimationManager for token : 871E88D922299F363C0F6E5133DA52C5
[0929/090725.888:ERROR:components\viz\service\transitions\surface_animation_manager.cc:274] No SurfaceAnimationManager for token : 871E88D922299F363C0F6E5133DA52C5
[0929/090725.888:ERROR:components\viz\service\transitions\surface_animation_manager.cc:274] No SurfaceAnimationManager for token : 871E88D922299F363C0F6E5133DA52C5
[0929/090725.924:ERROR:components\viz\service\transitions\surface_animation_manager.cc:274] No SurfaceAnimationManager for token : 871E88D922299F363C0F6E5133DA52C5
[0929/090725.924:ERROR:components\viz\service\transitions\surface_animation_manager.cc:274] No SurfaceAnimationManager for token : 871E88D922299F363C0F6E5133DA52C5
[0929/090725.961:ERROR:components\viz\service\transitions\surface_animation_manager.cc:274] No SurfaceAnimationManager for token : 871E88D922299F363C0F6E5133DA52C5
[0929/090725.961:ERROR:components\viz\service\transitions\surface_animation_manager.cc:274] No SurfaceAnimationManager for token : 871E88D922299F363C0F6E5133DA52C5
[0929/090726.000:ERROR:components\viz\service\transitions\surface_animation_manager.cc:274] No SurfaceAnimationManager for token : 871E88D922299F363C0F6E5133DA52C5
[0929/090726.026:ERROR:components\viz\service\transitions\surface_animation_manager.cc:274] No SurfaceAnimationManager for token : 871E88D922299F363C0F6E5133DA52C5
[0929/090726.044:ERROR:components\viz\service\transitions\surface_animation_manager.cc:274] No SurfaceAnimationManager for token : 871E88D922299F363C0F6E5133DA52C5
[0929/090726.069:ERROR:components\viz\service\transitions\surface_animation_manager.cc:274] No SurfaceAnimationManager for token : 871E88D922299F363C0F6E5133DA52C5
[0929/090726.093:ERROR:components\viz\service\transitions\surface_animation_manager.cc:274] No SurfaceAnimationManager for token : 871E88D922299F363C0F6E5133DA52C5
[0929/090726.104:ERROR:components\viz\service\transitions\surface_animation_manager.cc:274] No SurfaceAnimationManager for token : 871E88D922299F363C0F6E5133DA52C5
[0929/090726.133:ERROR:components\viz\service\transitions\surface_animation_manager.cc:274] No SurfaceAnimationManager for token : 871E88D922299F363C0F6E5133DA52C5
[0929/090726.153:ERROR:components\viz\service\transitions\surface_animation_manager.cc:274] No SurfaceAnimationManager for token : 871E88D922299F363C0F6E5133DA52C5
[0929/090726.172:ERROR:components\viz\service\transitions\surface_animation_manager.cc:274] No SurfaceAnimationManager for token : 871E88D922299F363C0F6E5133DA52C5
[0929/090726.197:ERROR:components\viz\service\transitions\surface_animation_manager.cc:274] No SurfaceAnimationManager for token : 871E88D922299F363C0F6E5133DA52C5
[0929/090726.216:ERROR:components\viz\service\transitions\surface_animation_manager.cc:274] No SurfaceAnimationManager for token : 871E88D922299F363C0F6E5133DA52C5
[0929/090726.241:ERROR:components\viz\service\transitions\surface_animation_manager.cc:274] No SurfaceAnimationManager for token : 871E88D922299F363C0F6E5133DA52C5
[0929/090726.265:ERROR:components\viz\service\transitions\surface_animation_manager.cc:274] No SurfaceAnimationManager for token : 871E88D922299F363C0F6E5133DA52C5
[0929/090726.292:ERROR:components\viz\service\transitions\surface_animation_manager.cc:274] No SurfaceAnimationManager for token : 871E88D922299F363C0F6E5133DA52C5
[0929/090726.323:ERROR:components\viz\service\transitions\surface_animation_manager.cc:274] No SurfaceAnimationManager for token : 871E88D922299F363C0F6E5133DA52C5
[0929/090726.351:ERROR:components\viz\service\transitions\surface_animation_manager.cc:274] No SurfaceAnimationManager for token : 871E88D922299F363C0F6E5133DA52C5
[0929/090726.374:ERROR:components\viz\service\transitions\surface_animation_manager.cc:274] No SurfaceAnimationManager for token : 871E88D922299F363C0F6E5133DA52C5
[0929/090726.404:ERROR:components\viz\service\transitions\surface_animation_manager.cc:274] No SurfaceAnimationManager for token : 871E88D922299F363C0F6E5133DA52C5
[0929/090726.438:ERROR:components\viz\service\transitions\surface_animation_manager.cc:274] No SurfaceAnimationManager for token : 871E88D922299F363C0F6E5133DA52C5
[0929/090726.470:ERROR:components\viz\service\transitions\surface_animation_manager.cc:274] No SurfaceAnimationManager for token : 871E88D922299F363C0F6E5133DA52C5
[0929/090726.497:ERROR:components\viz\service\transitions\surface_animation_manager.cc:274] No SurfaceAnimationManager for token : 871E88D922299F363C0F6E5133DA52C5
[0929/090726.521:ERROR:components\viz\service\transitions\surface_animation_manager.cc:274] No SurfaceAnimationManager for token : 871E88D922299F363C0F6E5133DA52C5
[0929/090726.556:ERROR:components\viz\service\transitions\surface_animation_manager.cc:274] No SurfaceAnimationManager for token : 871E88D922299F363C0F6E5133DA52C5
[0929/090726.592:ERROR:components\viz\service\transitions\surface_animation_manager.cc:274] No SurfaceAnimationManager for token : 871E88D922299F363C0F6E5133DA52C5
[0929/090838.634:ERROR:components\viz\service\frame_sinks\frame_sink_manager_impl.cc:1285] SurfaceAnimationManager missing for |transition_token| : (53FA621EBC2EDED4FE59C4451AD43D8B)
[0929/090838.634:ERROR:components\viz\service\transitions\surface_animation_manager.cc:274] No SurfaceAnimationManager for token : 53FA621EBC2EDED4FE59C4451AD43D8B
[0929/090838.634:ERROR:components\viz\service\transitions\surface_animation_manager.cc:274] No SurfaceAnimationManager for token : 53FA621EBC2EDED4FE59C4451AD43D8B
[0929/090838.758:ERROR:gpu\command_buffer\service\gl_utils.cc:430] [.WebGL-0x8140267d000]GL Driver Message (OpenGL, Performance, GL_CLOSE_PATH_NV, High): GPU stall due to ReadPixels
[0929/090838.863:ERROR:components\viz\service\transitions\surface_animation_manager.cc:274] No SurfaceAnimationManager for token : 53FA621EBC2EDED4FE59C4451AD43D8B
[0929/090838.863:ERROR:components\viz\service\transitions\surface_animation_manager.cc:274] No SurfaceAnimationManager for token : 53FA621EBC2EDED4FE59C4451AD43D8B
[0929/090838.929:ERROR:components\viz\service\transitions\surface_animation_manager.cc:274] No SurfaceAnimationManager for token : 53FA621EBC2EDED4FE59C4451AD43D8B
[0929/090838.929:ERROR:components\viz\service\transitions\surface_animation_manager.cc:274] No SurfaceAnimationManager for token : 53FA621EBC2EDED4FE59C4451AD43D8B
[0929/090839.010:ERROR:gpu\command_buffer\service\gl_utils.cc:430] [.WebGL-0x8140267d000]GL Driver Message (OpenGL, Performance, GL_CLOSE_PATH_NV, High): GPU stall due to ReadPixels
[0929/090839.049:ERROR:gpu\command_buffer\service\gl_utils.cc:430] [.WebGL-0x8140267d000]GL Driver Message (OpenGL, Performance, GL_CLOSE_PATH_NV, High): GPU stall due to ReadPixels
[0929/090839.056:ERROR:components\viz\service\transitions\surface_animation_manager.cc:274] No SurfaceAnimationManager for token : 53FA621EBC2EDED4FE59C4451AD43D8B
[0929/090839.057:ERROR:components\viz\service\transitions\surface_animation_manager.cc:274] No SurfaceAnimationManager for token : 53FA621EBC2EDED4FE59C4451AD43D8B
[0929/090839.120:ERROR:components\viz\service\transitions\surface_animation_manager.cc:274] No SurfaceAnimationManager for token : 53FA621EBC2EDED4FE59C4451AD43D8B
[0929/090839.120:ERROR:components\viz\service\transitions\surface_animation_manager.cc:274] No SurfaceAnimationManager for token : 53FA621EBC2EDED4FE59C4451AD43D8B
[0929/090839.121:ERROR:gpu\command_buffer\service\gl_utils.cc:430] [.WebGL-0x8140267d000]GL Driver Message (OpenGL, Performance, GL_CLOSE_PATH_NV, High): GPU stall due to ReadPixels (this message will no longer repeat)
[0929/090839.160:ERROR:components\viz\service\transitions\surface_animation_manager.cc:274] No SurfaceAnimationManager for token : 53FA621EBC2EDED4FE59C4451AD43D8B
[0929/090839.160:ERROR:components\viz\service\transitions\surface_animation_manager.cc:274] No SurfaceAnimationManager for token : 53FA621EBC2EDED4FE59C4451AD43D8B
[0929/090839.202:ERROR:components\viz\service\transitions\surface_animation_manager.cc:274] No SurfaceAnimationManager for token : 53FA621EBC2EDED4FE59C4451AD43D8B
[0929/090839.202:ERROR:components\viz\service\transitions\surface_animation_manager.cc:274] No SurfaceAnimationManager for token : 53FA621EBC2EDED4FE59C4451AD43D8B
[0929/090839.247:ERROR:components\viz\service\transitions\surface_animation_manager.cc:274] No SurfaceAnimationManager for token : 53FA621EBC2EDED4FE59C4451AD43D8B
[0929/090839.247:ERROR:components\viz\service\transitions\surface_animation_manager.cc:274] No SurfaceAnimationManager for token : 53FA621EBC2EDED4FE59C4451AD43D8B
[0929/090839.299:ERROR:components\viz\service\transitions\surface_animation_manager.cc:274] No SurfaceAnimationManager for token : 53FA621EBC2EDED4FE59C4451AD43D8B
[0929/090839.300:ERROR:components\viz\service\transitions\surface_animation_manager.cc:274] No SurfaceAnimationManager for token : 53FA621EBC2EDED4FE59C4451AD43D8B
[0929/090839.338:ERROR:components\viz\service\transitions\surface_animation_manager.cc:274] No SurfaceAnimationManager for token : 53FA621EBC2EDED4FE59C4451AD43D8B
[0929/090839.338:ERROR:components\viz\service\transitions\surface_animation_manager.cc:274] No SurfaceAnimationManager for token : 53FA621EBC2EDED4FE59C4451AD43D8B
[0929/090839.378:ERROR:components\viz\service\transitions\surface_animation_manager.cc:274] No SurfaceAnimationManager for token : 53FA621EBC2EDED4FE59C4451AD43D8B
[0929/090839.378:ERROR:components\viz\service\transitions\surface_animation_manager.cc:274] No SurfaceAnimationManager for token : 53FA621EBC2EDED4FE59C4451AD43D8B
[0929/090839.422:ERROR:components\viz\service\transitions\surface_animation_manager.cc:274] No SurfaceAnimationManager for token : 53FA621EBC2EDED4FE59C4451AD43D8B
[0929/090839.422:ERROR:components\viz\service\transitions\surface_animation_manager.cc:274] No SurfaceAnimationManager for token : 53FA621EBC2EDED4FE59C4451AD43D8B
[0929/090839.464:ERROR:components\viz\service\transitions\surface_animation_manager.cc:274] No SurfaceAnimationManager for token : 53FA621EBC2EDED4FE59C4451AD43D8B
[0929/090839.464:ERROR:components\viz\service\transitions\surface_animation_manager.cc:274] No SurfaceAnimationManager for token : 53FA621EBC2EDED4FE59C4451AD43D8B
[0929/090839.507:ERROR:components\viz\service\transitions\surface_animation_manager.cc:274] No SurfaceAnimationManager for token : 53FA621EBC2EDED4FE59C4451AD43D8B
[0929/090839.507:ERROR:components\viz\service\transitions\surface_animation_manager.cc:274] No SurfaceAnimationManager for token : 53FA621EBC2EDED4FE59C4451AD43D8B
[0929/090839.539:ERROR:components\viz\service\transitions\surface_animation_manager.cc:274] No SurfaceAnimationManager for token : 53FA621EBC2EDED4FE59C4451AD43D8B
[0929/090839.539:ERROR:components\viz\service\transitions\surface_animation_manager.cc:274] No SurfaceAnimationManager for token : 53FA621EBC2EDED4FE59C4451AD43D8B
[0929/090839.572:ERROR:components\viz\service\transitions\surface_animation_manager.cc:274] No SurfaceAnimationManager for token : 53FA621EBC2EDED4FE59C4451AD43D8B
[0929/090839.572:ERROR:components\viz\service\transitions\surface_animation_manager.cc:274] No SurfaceAnimationManager for token : 53FA621EBC2EDED4FE59C4451AD43D8B
[0929/090839.605:ERROR:components\viz\service\transitions\surface_animation_manager.cc:274] No SurfaceAnimationManager for token : 53FA621EBC2EDED4FE59C4451AD43D8B
[0929/090839.606:ERROR:components\viz\service\transitions\surface_animation_manager.cc:274] No SurfaceAnimationManager for token : 53FA621EBC2EDED4FE59C4451AD43D8B
[0929/090839.641:ERROR:components\viz\service\transitions\surface_animation_manager.cc:274] No SurfaceAnimationManager for token : 53FA621EBC2EDED4FE59C4451AD43D8B
[0929/090839.641:ERROR:components\viz\service\transitions\surface_animation_manager.cc:274] No SurfaceAnimationManager for token : 53FA621EBC2EDED4FE59C4451AD43D8B
[0929/090839.681:ERROR:components\viz\service\transitions\surface_animation_manager.cc:274] No SurfaceAnimationManager for token : 53FA621EBC2EDED4FE59C4451AD43D8B
[0929/090839.681:ERROR:components\viz\service\transitions\surface_animation_manager.cc:274] No SurfaceAnimationManager for token : 53FA621EBC2EDED4FE59C4451AD43D8B
[0929/090839.707:ERROR:components\viz\service\transitions\surface_animation_manager.cc:274] No SurfaceAnimationManager for token : 53FA621EBC2EDED4FE59C4451AD43D8B
[0929/090839.707:ERROR:components\viz\service\transitions\surface_animation_manager.cc:274] No SurfaceAnimationManager for token : 53FA621EBC2EDED4FE59C4451AD43D8B
[0929/090839.733:ERROR:components\viz\service\transitions\surface_animation_manager.cc:274] No SurfaceAnimationManager for token : 53FA621EBC2EDED4FE59C4451AD43D8B
[0929/090839.734:ERROR:components\viz\service\transitions\surface_animation_manager.cc:274] No SurfaceAnimationManager for token : 53FA621EBC2EDED4FE59C4451AD43D8B
[0929/090839.764:ERROR:components\viz\service\transitions\surface_animation_manager.cc:274] No SurfaceAnimationManager for token : 53FA621EBC2EDED4FE59C4451AD43D8B
[0929/090839.764:ERROR:components\viz\service\transitions\surface_animation_manager.cc:274] No SurfaceAnimationManager for token : 53FA621EBC2EDED4FE59C4451AD43D8B
[0929/090839.805:ERROR:components\viz\service\transitions\surface_animation_manager.cc:274] No SurfaceAnimationManager for token : 53FA621EBC2EDED4FE59C4451AD43D8B
[0929/090839.805:ERROR:components\viz\service\transitions\surface_animation_manager.cc:274] No SurfaceAnimationManager for token : 53FA621EBC2EDED4FE59C4451AD43D8B
[0929/090839.843:ERROR:components\viz\service\transitions\surface_animation_manager.cc:274] No SurfaceAnimationManager for token : 53FA621EBC2EDED4FE59C4451AD43D8B
[0929/090839.843:ERROR:components\viz\service\transitions\surface_animation_manager.cc:274] No SurfaceAnimationManager for token : 53FA621EBC2EDED4FE59C4451AD43D8B
[0929/090839.885:ERROR:components\viz\service\transitions\surface_animation_manager.cc:274] No SurfaceAnimationManager for token : 53FA621EBC2EDED4FE59C4451AD43D8B
[0929/090839.885:ERROR:components\viz\service\transitions\surface_animation_manager.cc:274] No SurfaceAnimationManager for token : 53FA621EBC2EDED4FE59C4451AD43D8B
[0929/090839.929:ERROR:components\viz\service\transitions\surface_animation_manager.cc:274] No SurfaceAnimationManager for token : 53FA621EBC2EDED4FE59C4451AD43D8B
[0929/090839.929:ERROR:components\viz\service\transitions\surface_animation_manager.cc:274] No SurfaceAnimationManager for token : 53FA621EBC2EDED4FE59C4451AD43D8B
[0929/090839.971:ERROR:components\viz\service\transitions\surface_animation_manager.cc:274] No SurfaceAnimationManager for token : 53FA621EBC2EDED4FE59C4451AD43D8B
[0929/090839.971:ERROR:components\viz\service\transitions\surface_animation_manager.cc:274] No SurfaceAnimationManager for token : 53FA621EBC2EDED4FE59C4451AD43D8B
[0929/090840.008:ERROR:components\viz\service\transitions\surface_animation_manager.cc:274] No SurfaceAnimationManager for token : 53FA621EBC2EDED4FE59C4451AD43D8B
[0929/090840.009:ERROR:components\viz\service\transitions\surface_animation_manager.cc:274] No SurfaceAnimationManager for token : 53FA621EBC2EDED4FE59C4451AD43D8B
[0929/090840.054:ERROR:components\viz\service\transitions\surface_animation_manager.cc:274] No SurfaceAnimationManager for token : 53FA621EBC2EDED4FE59C4451AD43D8B
[0929/090840.054:ERROR:components\viz\service\transitions\surface_animation_manager.cc:274] No SurfaceAnimationManager for token : 53FA621EBC2EDED4FE59C4451AD43D8B
[0929/090840.100:ERROR:components\viz\service\transitions\surface_animation_manager.cc:274] No SurfaceAnimationManager for token : 53FA621EBC2EDED4FE59C4451AD43D8B
[0929/090840.100:ERROR:components\viz\service\transitions\surface_animation_manager.cc:274] No SurfaceAnimationManager for token : 53FA621EBC2EDED4FE59C4451AD43D8B
[0929/090840.144:ERROR:components\viz\service\transitions\surface_animation_manager.cc:274] No SurfaceAnimationManager for token : 53FA621EBC2EDED4FE59C4451AD43D8B
[0929/090840.144:ERROR:components\viz\service\transitions\surface_animation_manager.cc:274] No SurfaceAnimationManager for token : 53FA621EBC2EDED4FE59C4451AD43D8B
[0929/090840.193:ERROR:components\viz\service\transitions\surface_animation_manager.cc:274] No SurfaceAnimationManager for token : 53FA621EBC2EDED4FE59C4451AD43D8B
[0929/090840.193:ERROR:components\viz\service\transitions\surface_animation_manager.cc:274] No SurfaceAnimationManager for token : 53FA621EBC2EDED4FE59C4451AD43D8B
[0929/090840.240:ERROR:components\viz\service\transitions\surface_animation_manager.cc:274] No SurfaceAnimationManager for token : 53FA621EBC2EDED4FE59C4451AD43D8B
[0929/090840.240:ERROR:components\viz\service\transitions\surface_animation_manager.cc:274] No SurfaceAnimationManager for token : 53FA621EBC2EDED4FE59C4451AD43D8B
[0929/090840.276:ERROR:components\viz\service\transitions\surface_animation_manager.cc:274] No SurfaceAnimationManager for token : 53FA621EBC2EDED4FE59C4451AD43D8B
[0929/090840.316:ERROR:components\viz\service\transitions\surface_animation_manager.cc:274] No SurfaceAnimationManager for token : 53FA621EBC2EDED4FE59C4451AD43D8B
[0929/090840.343:ERROR:components\viz\service\transitions\surface_animation_manager.cc:274] No SurfaceAnimationManager for token : 53FA621EBC2EDED4FE59C4451AD43D8B
[0929/090840.372:ERROR:components\viz\service\transitions\surface_animation_manager.cc:274] No SurfaceAnimationManager for token : 53FA621EBC2EDED4FE59C4451AD43D8B
[0929/090840.396:ERROR:components\viz\service\transitions\surface_animation_manager.cc:274] No SurfaceAnimationManager for token : 53FA621EBC2EDED4FE59C4451AD43D8B
[0929/090840.424:ERROR:components\viz\service\transitions\surface_animation_manager.cc:274] No SurfaceAnimationManager for token : 53FA621EBC2EDED4FE59C4451AD43D8B
[0929/090840.438:ERROR:components\viz\service\transitions\surface_animation_manager.cc:274] No SurfaceAnimationManager for token : 53FA621EBC2EDED4FE59C4451AD43D8B
[0929/090840.467:ERROR:components\viz\service\transitions\surface_animation_manager.cc:274] No SurfaceAnimationManager for token : 53FA621EBC2EDED4FE59C4451AD43D8B
[0929/090840.483:ERROR:components\viz\service\transitions\surface_animation_manager.cc:274] No SurfaceAnimationManager for token : 53FA621EBC2EDED4FE59C4451AD43D8B
[0929/090840.515:ERROR:components\viz\service\transitions\surface_animation_manager.cc:274] No SurfaceAnimationManager for token : 53FA621EBC2EDED4FE59C4451AD43D8B
[0929/090840.544:ERROR:components\viz\service\transitions\surface_animation_manager.cc:274] No SurfaceAnimationManager for token : 53FA621EBC2EDED4FE59C4451AD43D8B
[0929/090840.568:ERROR:components\viz\service\transitions\surface_animation_manager.cc:274] No SurfaceAnimationManager for token : 53FA621EBC2EDED4FE59C4451AD43D8B
[0929/090840.598:ERROR:components\viz\service\transitions\surface_animation_manager.cc:274] No SurfaceAnimationManager for token : 53FA621EBC2EDED4FE59C4451AD43D8B
[0929/090840.630:ERROR:components\viz\service\transitions\surface_animation_manager.cc:274] No SurfaceAnimationManager for token : 53FA621EBC2EDED4FE59C4451AD43D8B
[0929/090840.655:ERROR:components\viz\service\transitions\surface_animation_manager.cc:274] No SurfaceAnimationManager for token : 53FA621EBC2EDED4FE59C4451AD43D8B
[0929/090840.680:ERROR:components\viz\service\transitions\surface_animation_manager.cc:274] No SurfaceAnimationManager for token : 53FA621EBC2EDED4FE59C4451AD43D8B
[0929/090840.716:ERROR:components\viz\service\transitions\surface_animation_manager.cc:274] No SurfaceAnimationManager for token : 53FA621EBC2EDED4FE59C4451AD43D8B
[0929/090840.750:ERROR:components\viz\service\transitions\surface_animation_manager.cc:274] No SurfaceAnimationManager for token : 53FA621EBC2EDED4FE59C4451AD43D8B
[0929/090840.784:ERROR:components\viz\service\transitions\surface_animation_manager.cc:274] No SurfaceAnimationManager for token : 53FA621EBC2EDED4FE59C4451AD43D8B
[0929/090840.823:ERROR:components\viz\service\transitions\surface_animation_manager.cc:274] No SurfaceAnimationManager for token : 53FA621EBC2EDED4FE59C4451AD43D8B
[0929/090840.853:ERROR:components\viz\service\transitions\surface_animation_manager.cc:274] No SurfaceAnimationManager for token : 53FA621EBC2EDED4FE59C4451AD43D8B
[0929/090841.713:ERROR:components\viz\service\frame_sinks\frame_sink_manager_impl.cc:1285] SurfaceAnimationManager missing for |transition_token| : (AAE04E5E10E44B7BCCF7132E782A13FA)
[0929/090841.713:ERROR:components\viz\service\transitions\surface_animation_manager.cc:274] No SurfaceAnimationManager for token : AAE04E5E10E44B7BCCF7132E782A13FA
[0929/090841.713:ERROR:components\viz\service\transitions\surface_animation_manager.cc:274] No SurfaceAnimationManager for token : AAE04E5E10E44B7BCCF7132E782A13FA
[0929/090841.713:ERROR:components\viz\service\transitions\surface_animation_manager.cc:274] No SurfaceAnimationManager for token : AAE04E5E10E44B7BCCF7132E782A13FA
[0929/090841.713:ERROR:components\viz\service\transitions\surface_animation_manager.cc:274] No SurfaceAnimationManager for token : AAE04E5E10E44B7BCCF7132E782A13FA
[0929/090841.988:ERROR:components\viz\service\transitions\surface_animation_manager.cc:274] No SurfaceAnimationManager for token : AAE04E5E10E44B7BCCF7132E782A13FA
[0929/090841.988:ERROR:components\viz\service\transitions\surface_animation_manager.cc:274] No SurfaceAnimationManager for token : AAE04E5E10E44B7BCCF7132E782A13FA
[0929/090842.062:ERROR:components\viz\service\transitions\surface_animation_manager.cc:274] No SurfaceAnimationManager for token : AAE04E5E10E44B7BCCF7132E782A13FA
[0929/090842.062:ERROR:components\viz\service\transitions\surface_animation_manager.cc:274] No SurfaceAnimationManager for token : AAE04E5E10E44B7BCCF7132E782A13FA
[0929/090842.179:ERROR:components\viz\service\transitions\surface_animation_manager.cc:274] No SurfaceAnimationManager for token : AAE04E5E10E44B7BCCF7132E782A13FA
[0929/090842.179:ERROR:components\viz\service\transitions\surface_animation_manager.cc:274] No SurfaceAnimationManager for token : AAE04E5E10E44B7BCCF7132E782A13FA
[0929/090842.248:ERROR:components\viz\service\transitions\surface_animation_manager.cc:274] No SurfaceAnimationManager for token : AAE04E5E10E44B7BCCF7132E782A13FA
[0929/090842.248:ERROR:components\viz\service\transitions\surface_animation_manager.cc:274] No SurfaceAnimationManager for token : AAE04E5E10E44B7BCCF7132E782A13FA
[0929/090842.306:ERROR:components\viz\service\transitions\surface_animation_manager.cc:274] No SurfaceAnimationManager for token : AAE04E5E10E44B7BCCF7132E782A13FA
[0929/090842.306:ERROR:components\viz\service\transitions\surface_animation_manager.cc:274] No SurfaceAnimationManager for token : AAE04E5E10E44B7BCCF7132E782A13FA
[0929/090842.364:ERROR:components\viz\service\transitions\surface_animation_manager.cc:274] No SurfaceAnimationManager for token : AAE04E5E10E44B7BCCF7132E782A13FA
[0929/090842.364:ERROR:components\viz\service\transitions\surface_animation_manager.cc:274] No SurfaceAnimationManager for token : AAE04E5E10E44B7BCCF7132E782A13FA
[0929/090842.427:ERROR:components\viz\service\transitions\surface_animation_manager.cc:274] No SurfaceAnimationManager for token : AAE04E5E10E44B7BCCF7132E782A13FA
[0929/090842.427:ERROR:components\viz\service\transitions\surface_animation_manager.cc:274] No SurfaceAnimationManager for token : AAE04E5E10E44B7BCCF7132E782A13FA
[0929/090842.468:ERROR:components\viz\service\transitions\surface_animation_manager.cc:274] No SurfaceAnimationManager for token : AAE04E5E10E44B7BCCF7132E782A13FA
[0929/090842.468:ERROR:components\viz\service\transitions\surface_animation_manager.cc:274] No SurfaceAnimationManager for token : AAE04E5E10E44B7BCCF7132E782A13FA
[0929/090842.516:ERROR:components\viz\service\transitions\surface_animation_manager.cc:274] No SurfaceAnimationManager for token : AAE04E5E10E44B7BCCF7132E782A13FA
[0929/090842.516:ERROR:components\viz\service\transitions\surface_animation_manager.cc:274] No SurfaceAnimationManager for token : AAE04E5E10E44B7BCCF7132E782A13FA
[0929/090842.564:ERROR:components\viz\service\transitions\surface_animation_manager.cc:274] No SurfaceAnimationManager for token : AAE04E5E10E44B7BCCF7132E782A13FA
[0929/090842.564:ERROR:components\viz\service\transitions\surface_animation_manager.cc:274] No SurfaceAnimationManager for token : AAE04E5E10E44B7BCCF7132E782A13FA
[0929/090842.612:ERROR:components\viz\service\transitions\surface_animation_manager.cc:274] No SurfaceAnimationManager for token : AAE04E5E10E44B7BCCF7132E782A13FA
[0929/090842.612:ERROR:components\viz\service\transitions\surface_animation_manager.cc:274] No SurfaceAnimationManager for token : AAE04E5E10E44B7BCCF7132E782A13FA
[0929/090842.658:ERROR:components\viz\service\transitions\surface_animation_manager.cc:274] No SurfaceAnimationManager for token : AAE04E5E10E44B7BCCF7132E782A13FA
[0929/090842.658:ERROR:components\viz\service\transitions\surface_animation_manager.cc:274] No SurfaceAnimationManager for token : AAE04E5E10E44B7BCCF7132E782A13FA
[0929/090842.711:ERROR:components\viz\service\transitions\surface_animation_manager.cc:274] No SurfaceAnimationManager for token : AAE04E5E10E44B7BCCF7132E782A13FA
[0929/090842.711:ERROR:components\viz\service\transitions\surface_animation_manager.cc:274] No SurfaceAnimationManager for token : AAE04E5E10E44B7BCCF7132E782A13FA
[0929/090842.753:ERROR:components\viz\service\transitions\surface_animation_manager.cc:274] No SurfaceAnimationManager for token : AAE04E5E10E44B7BCCF7132E782A13FA
[0929/090842.753:ERROR:components\viz\service\transitions\surface_animation_manager.cc:274] No SurfaceAnimationManager for token : AAE04E5E10E44B7BCCF7132E782A13FA
[0929/090842.792:ERROR:components\viz\service\transitions\surface_animation_manager.cc:274] No SurfaceAnimationManager for token : AAE04E5E10E44B7BCCF7132E782A13FA
[0929/090842.792:ERROR:components\viz\service\transitions\surface_animation_manager.cc:274] No SurfaceAnimationManager for token : AAE04E5E10E44B7BCCF7132E782A13FA
[0929/090842.845:ERROR:components\viz\service\transitions\surface_animation_manager.cc:274] No SurfaceAnimationManager for token : AAE04E5E10E44B7BCCF7132E782A13FA
[0929/090842.845:ERROR:components\viz\service\transitions\surface_animation_manager.cc:274] No SurfaceAnimationManager for token : AAE04E5E10E44B7BCCF7132E782A13FA
[0929/090842.904:ERROR:components\viz\service\transitions\surface_animation_manager.cc:274] No SurfaceAnimationManager for token : AAE04E5E10E44B7BCCF7132E782A13FA
[0929/090842.904:ERROR:components\viz\service\transitions\surface_animation_manager.cc:274] No SurfaceAnimationManager for token : AAE04E5E10E44B7BCCF7132E782A13FA
[0929/090842.949:ERROR:components\viz\service\transitions\surface_animation_manager.cc:274] No SurfaceAnimationManager for token : AAE04E5E10E44B7BCCF7132E782A13FA
[0929/090842.949:ERROR:components\viz\service\transitions\surface_animation_manager.cc:274] No SurfaceAnimationManager for token : AAE04E5E10E44B7BCCF7132E782A13FA
[0929/090843.018:ERROR:components\viz\service\transitions\surface_animation_manager.cc:274] No SurfaceAnimationManager for token : AAE04E5E10E44B7BCCF7132E782A13FA
[0929/090843.018:ERROR:components\viz\service\transitions\surface_animation_manager.cc:274] No SurfaceAnimationManager for token : AAE04E5E10E44B7BCCF7132E782A13FA
[0929/090843.090:ERROR:components\viz\service\transitions\surface_animation_manager.cc:274] No SurfaceAnimationManager for token : AAE04E5E10E44B7BCCF7132E782A13FA
[0929/090843.090:ERROR:components\viz\service\transitions\surface_animation_manager.cc:274] No SurfaceAnimationManager for token : AAE04E5E10E44B7BCCF7132E782A13FA
[0929/090843.163:ERROR:components\viz\service\transitions\surface_animation_manager.cc:274] No SurfaceAnimationManager for token : AAE04E5E10E44B7BCCF7132E782A13FA
[0929/090843.163:ERROR:components\viz\service\transitions\surface_animation_manager.cc:274] No SurfaceAnimationManager for token : AAE04E5E10E44B7BCCF7132E782A13FA
[0929/090843.220:ERROR:components\viz\service\transitions\surface_animation_manager.cc:274] No SurfaceAnimationManager for token : AAE04E5E10E44B7BCCF7132E782A13FA
[0929/090843.220:ERROR:components\viz\service\transitions\surface_animation_manager.cc:274] No SurfaceAnimationManager for token : AAE04E5E10E44B7BCCF7132E782A13FA
[0929/090843.273:ERROR:components\viz\service\transitions\surface_animation_manager.cc:274] No SurfaceAnimationManager for token : AAE04E5E10E44B7BCCF7132E782A13FA
[0929/090843.273:ERROR:components\viz\service\transitions\surface_animation_manager.cc:274] No SurfaceAnimationManager for token : AAE04E5E10E44B7BCCF7132E782A13FA
[0929/090843.338:ERROR:components\viz\service\transitions\surface_animation_manager.cc:274] No SurfaceAnimationManager for token : AAE04E5E10E44B7BCCF7132E782A13FA
[0929/090843.338:ERROR:components\viz\service\transitions\surface_animation_manager.cc:274] No SurfaceAnimationManager for token : AAE04E5E10E44B7BCCF7132E782A13FA
[0929/090843.385:ERROR:components\viz\service\transitions\surface_animation_manager.cc:274] No SurfaceAnimationManager for token : AAE04E5E10E44B7BCCF7132E782A13FA
[0929/090843.424:ERROR:components\viz\service\transitions\surface_animation_manager.cc:274] No SurfaceAnimationManager for token : AAE04E5E10E44B7BCCF7132E782A13FA
[0929/090843.462:ERROR:components\viz\service\transitions\surface_animation_manager.cc:274] No SurfaceAnimationManager for token : AAE04E5E10E44B7BCCF7132E782A13FA
[0929/090843.500:ERROR:components\viz\service\transitions\surface_animation_manager.cc:274] No SurfaceAnimationManager for token : AAE04E5E10E44B7BCCF7132E782A13FA
[0929/090843.541:ERROR:components\viz\service\transitions\surface_animation_manager.cc:274] No SurfaceAnimationManager for token : AAE04E5E10E44B7BCCF7132E782A13FA
[0929/090843.582:ERROR:components\viz\service\transitions\surface_animation_manager.cc:274] No SurfaceAnimationManager for token : AAE04E5E10E44B7BCCF7132E782A13FA
[0929/090843.623:ERROR:components\viz\service\transitions\surface_animation_manager.cc:274] No SurfaceAnimationManager for token : AAE04E5E10E44B7BCCF7132E782A13FA
[0929/090843.664:ERROR:components\viz\service\transitions\surface_animation_manager.cc:274] No SurfaceAnimationManager for token : AAE04E5E10E44B7BCCF7132E782A13FA
[0929/090843.714:ERROR:components\viz\service\transitions\surface_animation_manager.cc:274] No SurfaceAnimationManager for token : AAE04E5E10E44B7BCCF7132E782A13FA
[0929/090843.743:ERROR:components\viz\service\transitions\surface_animation_manager.cc:274] No SurfaceAnimationManager for token : AAE04E5E10E44B7BCCF7132E782A13FA
[0929/090843.779:ERROR:components\viz\service\transitions\surface_animation_manager.cc:274] No SurfaceAnimationManager for token : AAE04E5E10E44B7BCCF7132E782A13FA
[0929/090843.820:ERROR:components\viz\service\transitions\surface_animation_manager.cc:274] No SurfaceAnimationManager for token : AAE04E5E10E44B7BCCF7132E782A13FA
[0929/090843.868:ERROR:components\viz\service\transitions\surface_animation_manager.cc:274] No SurfaceAnimationManager for token : AAE04E5E10E44B7BCCF7132E782A13FA
[0929/090843.915:ERROR:components\viz\service\transitions\surface_animation_manager.cc:274] No SurfaceAnimationManager for token : AAE04E5E10E44B7BCCF7132E782A13FA
[0929/090843.959:ERROR:components\viz\service\transitions\surface_animation_manager.cc:274] No SurfaceAnimationManager for token : AAE04E5E10E44B7BCCF7132E782A13FA
[0929/090917.452:ERROR:gpu\command_buffer\service\gl_utils.cc:430] [.WebGL-0x3f14036f5800]GL Driver Message (OpenGL, Performance, GL_CLOSE_PATH_NV, High): GPU stall due to ReadPixels
[0929/090917.668:ERROR:gpu\command_buffer\service\gl_utils.cc:430] [.WebGL-0x3f14036f5800]GL Driver Message (OpenGL, Performance, GL_CLOSE_PATH_NV, High): GPU stall due to ReadPixels
[0929/090917.703:ERROR:gpu\command_buffer\service\gl_utils.cc:430] [.WebGL-0x3f14036f5800]GL Driver Message (OpenGL, Performance, GL_CLOSE_PATH_NV, High): GPU stall due to ReadPixels
[0929/090917.773:ERROR:gpu\command_buffer\service\gl_utils.cc:430] [.WebGL-0x3f14036f5800]GL Driver Message (OpenGL, Performance, GL_CLOSE_PATH_NV, High): GPU stall due to ReadPixels (this message will no longer repeat)
[0929/090923.462:ERROR:components\viz\service\frame_sinks\frame_sink_manager_impl.cc:1285] SurfaceAnimationManager missing for |transition_token| : (E77F85AB69220C9BCDE4A495AF853607)
[0929/090923.462:ERROR:components\viz\service\transitions\surface_animation_manager.cc:274] No SurfaceAnimationManager for token : E77F85AB69220C9BCDE4A495AF853607
[0929/090923.462:ERROR:components\viz\service\transitions\surface_animation_manager.cc:274] No SurfaceAnimationManager for token : E77F85AB69220C9BCDE4A495AF853607
[0929/090923.463:ERROR:components\viz\service\transitions\surface_animation_manager.cc:274] No SurfaceAnimationManager for token : E77F85AB69220C9BCDE4A495AF853607
[0929/090923.463:ERROR:components\viz\service\transitions\surface_animation_manager.cc:274] No SurfaceAnimationManager for token : E77F85AB69220C9BCDE4A495AF853607
[0929/090923.699:ERROR:components\viz\service\transitions\surface_animation_manager.cc:274] No SurfaceAnimationManager for token : E77F85AB69220C9BCDE4A495AF853607
[0929/090923.700:ERROR:components\viz\service\transitions\surface_animation_manager.cc:274] No SurfaceAnimationManager for token : E77F85AB69220C9BCDE4A495AF853607
[0929/090923.728:ERROR:components\viz\service\transitions\surface_animation_manager.cc:274] No SurfaceAnimationManager for token : E77F85AB69220C9BCDE4A495AF853607
[0929/090923.728:ERROR:components\viz\service\transitions\surface_animation_manager.cc:274] No SurfaceAnimationManager for token : E77F85AB69220C9BCDE4A495AF853607
[0929/090923.810:ERROR:components\viz\service\transitions\surface_animation_manager.cc:274] No SurfaceAnimationManager for token : E77F85AB69220C9BCDE4A495AF853607
[0929/090923.810:ERROR:components\viz\service\transitions\surface_animation_manager.cc:274] No SurfaceAnimationManager for token : E77F85AB69220C9BCDE4A495AF853607
[0929/090923.829:ERROR:components\viz\service\transitions\surface_animation_manager.cc:274] No SurfaceAnimationManager for token : E77F85AB69220C9BCDE4A495AF853607
[0929/090923.829:ERROR:components\viz\service\transitions\surface_animation_manager.cc:274] No SurfaceAnimationManager for token : E77F85AB69220C9BCDE4A495AF853607
[0929/090923.852:ERROR:components\viz\service\transitions\surface_animation_manager.cc:274] No SurfaceAnimationManager for token : E77F85AB69220C9BCDE4A495AF853607
[0929/090923.852:ERROR:components\viz\service\transitions\surface_animation_manager.cc:274] No SurfaceAnimationManager for token : E77F85AB69220C9BCDE4A495AF853607
[0929/090923.878:ERROR:components\viz\service\transitions\surface_animation_manager.cc:274] No SurfaceAnimationManager for token : E77F85AB69220C9BCDE4A495AF853607
[0929/090923.878:ERROR:components\viz\service\transitions\surface_animation_manager.cc:274] No SurfaceAnimationManager for token : E77F85AB69220C9BCDE4A495AF853607
[0929/090923.904:ERROR:components\viz\service\transitions\surface_animation_manager.cc:274] No SurfaceAnimationManager for token : E77F85AB69220C9BCDE4A495AF853607
[0929/090923.904:ERROR:components\viz\service\transitions\surface_animation_manager.cc:274] No SurfaceAnimationManager for token : E77F85AB69220C9BCDE4A495AF853607
[0929/090923.939:ERROR:components\viz\service\transitions\surface_animation_manager.cc:274] No SurfaceAnimationManager for token : E77F85AB69220C9BCDE4A495AF853607
[0929/090923.939:ERROR:components\viz\service\transitions\surface_animation_manager.cc:274] No SurfaceAnimationManager for token : E77F85AB69220C9BCDE4A495AF853607
[0929/090923.973:ERROR:components\viz\service\transitions\surface_animation_manager.cc:274] No SurfaceAnimationManager for token : E77F85AB69220C9BCDE4A495AF853607
[0929/090923.973:ERROR:components\viz\service\transitions\surface_animation_manager.cc:274] No SurfaceAnimationManager for token : E77F85AB69220C9BCDE4A495AF853607
[0929/090924.004:ERROR:components\viz\service\transitions\surface_animation_manager.cc:274] No SurfaceAnimationManager for token : E77F85AB69220C9BCDE4A495AF853607
[0929/090924.004:ERROR:components\viz\service\transitions\surface_animation_manager.cc:274] No SurfaceAnimationManager for token : E77F85AB69220C9BCDE4A495AF853607
[0929/090924.019:ERROR:components\viz\service\transitions\surface_animation_manager.cc:274] No SurfaceAnimationManager for token : E77F85AB69220C9BCDE4A495AF853607
[0929/090924.019:ERROR:components\viz\service\transitions\surface_animation_manager.cc:274] No SurfaceAnimationManager for token : E77F85AB69220C9BCDE4A495AF853607
[0929/090924.043:ERROR:components\viz\service\transitions\surface_animation_manager.cc:274] No SurfaceAnimationManager for token : E77F85AB69220C9BCDE4A495AF853607
[0929/090924.043:ERROR:components\viz\service\transitions\surface_animation_manager.cc:274] No SurfaceAnimationManager for token : E77F85AB69220C9BCDE4A495AF853607
[0929/090924.058:ERROR:components\viz\service\transitions\surface_animation_manager.cc:274] No SurfaceAnimationManager for token : E77F85AB69220C9BCDE4A495AF853607
[0929/090924.058:ERROR:components\viz\service\transitions\surface_animation_manager.cc:274] No SurfaceAnimationManager for token : E77F85AB69220C9BCDE4A495AF853607
[0929/090924.080:ERROR:components\viz\service\transitions\surface_animation_manager.cc:274] No SurfaceAnimationManager for token : E77F85AB69220C9BCDE4A495AF853607
[0929/090924.080:ERROR:components\viz\service\transitions\surface_animation_manager.cc:274] No SurfaceAnimationManager for token : E77F85AB69220C9BCDE4A495AF853607
[0929/090924.095:ERROR:components\viz\service\transitions\surface_animation_manager.cc:274] No SurfaceAnimationManager for token : E77F85AB69220C9BCDE4A495AF853607
[0929/090924.095:ERROR:components\viz\service\transitions\surface_animation_manager.cc:274] No SurfaceAnimationManager for token : E77F85AB69220C9BCDE4A495AF853607
[0929/090924.112:ERROR:components\viz\service\transitions\surface_animation_manager.cc:274] No SurfaceAnimationManager for token : E77F85AB69220C9BCDE4A495AF853607
[0929/090924.112:ERROR:components\viz\service\transitions\surface_animation_manager.cc:274] No SurfaceAnimationManager for token : E77F85AB69220C9BCDE4A495AF853607
[0929/090924.129:ERROR:components\viz\service\transitions\surface_animation_manager.cc:274] No SurfaceAnimationManager for token : E77F85AB69220C9BCDE4A495AF853607
[0929/090924.129:ERROR:components\viz\service\transitions\surface_animation_manager.cc:274] No SurfaceAnimationManager for token : E77F85AB69220C9BCDE4A495AF853607
[0929/090924.145:ERROR:components\viz\service\transitions\surface_animation_manager.cc:274] No SurfaceAnimationManager for token : E77F85AB69220C9BCDE4A495AF853607
[0929/090924.145:ERROR:components\viz\service\transitions\surface_animation_manager.cc:274] No SurfaceAnimationManager for token : E77F85AB69220C9BCDE4A495AF853607
[0929/090924.163:ERROR:components\viz\service\transitions\surface_animation_manager.cc:274] No SurfaceAnimationManager for token : E77F85AB69220C9BCDE4A495AF853607
[0929/090924.163:ERROR:components\viz\service\transitions\surface_animation_manager.cc:274] No SurfaceAnimationManager for token : E77F85AB69220C9BCDE4A495AF853607
[0929/090924.178:ERROR:components\viz\service\transitions\surface_animation_manager.cc:274] No SurfaceAnimationManager for token : E77F85AB69220C9BCDE4A495AF853607
[0929/090924.178:ERROR:components\viz\service\transitions\surface_animation_manager.cc:274] No SurfaceAnimationManager for token : E77F85AB69220C9BCDE4A495AF853607
[0929/090924.196:ERROR:components\viz\service\transitions\surface_animation_manager.cc:274] No SurfaceAnimationManager for token : E77F85AB69220C9BCDE4A495AF853607
[0929/090924.196:ERROR:components\viz\service\transitions\surface_animation_manager.cc:274] No SurfaceAnimationManager for token : E77F85AB69220C9BCDE4A495AF853607
[0929/090924.212:ERROR:components\viz\service\transitions\surface_animation_manager.cc:274] No SurfaceAnimationManager for token : E77F85AB69220C9BCDE4A495AF853607
[0929/090924.213:ERROR:components\viz\service\transitions\surface_animation_manager.cc:274] No SurfaceAnimationManager for token : E77F85AB69220C9BCDE4A495AF853607
[0929/090924.228:ERROR:components\viz\service\transitions\surface_animation_manager.cc:274] No SurfaceAnimationManager for token : E77F85AB69220C9BCDE4A495AF853607
[0929/090924.228:ERROR:components\viz\service\transitions\surface_animation_manager.cc:274] No SurfaceAnimationManager for token : E77F85AB69220C9BCDE4A495AF853607
[0929/090924.246:ERROR:components\viz\service\transitions\surface_animation_manager.cc:274] No SurfaceAnimationManager for token : E77F85AB69220C9BCDE4A495AF853607
[0929/090924.246:ERROR:components\viz\service\transitions\surface_animation_manager.cc:274] No SurfaceAnimationManager for token : E77F85AB69220C9BCDE4A495AF853607
[0929/090924.262:ERROR:components\viz\service\transitions\surface_animation_manager.cc:274] No SurfaceAnimationManager for token : E77F85AB69220C9BCDE4A495AF853607
[0929/090924.263:ERROR:components\viz\service\transitions\surface_animation_manager.cc:274] No SurfaceAnimationManager for token : E77F85AB69220C9BCDE4A495AF853607
[0929/090924.281:ERROR:components\viz\service\transitions\surface_animation_manager.cc:274] No SurfaceAnimationManager for token : E77F85AB69220C9BCDE4A495AF853607
[0929/090924.281:ERROR:components\viz\service\transitions\surface_animation_manager.cc:274] No SurfaceAnimationManager for token : E77F85AB69220C9BCDE4A495AF853607
[0929/090924.296:ERROR:components\viz\service\transitions\surface_animation_manager.cc:274] No SurfaceAnimationManager for token : E77F85AB69220C9BCDE4A495AF853607
[0929/090924.297:ERROR:components\viz\service\transitions\surface_animation_manager.cc:274] No SurfaceAnimationManager for token : E77F85AB69220C9BCDE4A495AF853607
[0929/090924.317:ERROR:components\viz\service\transitions\surface_animation_manager.cc:274] No SurfaceAnimationManager for token : E77F85AB69220C9BCDE4A495AF853607
[0929/090924.317:ERROR:components\viz\service\transitions\surface_animation_manager.cc:274] No SurfaceAnimationManager for token : E77F85AB69220C9BCDE4A495AF853607
[0929/090924.331:ERROR:components\viz\service\transitions\surface_animation_manager.cc:274] No SurfaceAnimationManager for token : E77F85AB69220C9BCDE4A495AF853607
[0929/090924.331:ERROR:components\viz\service\transitions\surface_animation_manager.cc:274] No SurfaceAnimationManager for token : E77F85AB69220C9BCDE4A495AF853607
[0929/090924.352:ERROR:components\viz\service\transitions\surface_animation_manager.cc:274] No SurfaceAnimationManager for token : E77F85AB69220C9BCDE4A495AF853607
[0929/090924.352:ERROR:components\viz\service\transitions\surface_animation_manager.cc:274] No SurfaceAnimationManager for token : E77F85AB69220C9BCDE4A495AF853607
[0929/090924.363:ERROR:components\viz\service\transitions\surface_animation_manager.cc:274] No SurfaceAnimationManager for token : E77F85AB69220C9BCDE4A495AF853607
[0929/090924.363:ERROR:components\viz\service\transitions\surface_animation_manager.cc:274] No SurfaceAnimationManager for token : E77F85AB69220C9BCDE4A495AF853607
[0929/090924.379:ERROR:components\viz\service\transitions\surface_animation_manager.cc:274] No SurfaceAnimationManager for token : E77F85AB69220C9BCDE4A495AF853607
[0929/090924.379:ERROR:components\viz\service\transitions\surface_animation_manager.cc:274] No SurfaceAnimationManager for token : E77F85AB69220C9BCDE4A495AF853607
[0929/090924.395:ERROR:components\viz\service\transitions\surface_animation_manager.cc:274] No SurfaceAnimationManager for token : E77F85AB69220C9BCDE4A495AF853607
[0929/090924.395:ERROR:components\viz\service\transitions\surface_animation_manager.cc:274] No SurfaceAnimationManager for token : E77F85AB69220C9BCDE4A495AF853607
[0929/090924.413:ERROR:components\viz\service\transitions\surface_animation_manager.cc:274] No SurfaceAnimationManager for token : E77F85AB69220C9BCDE4A495AF853607
[0929/090924.413:ERROR:components\viz\service\transitions\surface_animation_manager.cc:274] No SurfaceAnimationManager for token : E77F85AB69220C9BCDE4A495AF853607
[0929/090924.430:ERROR:components\viz\service\transitions\surface_animation_manager.cc:274] No SurfaceAnimationManager for token : E77F85AB69220C9BCDE4A495AF853607
[0929/090924.430:ERROR:components\viz\service\transitions\surface_animation_manager.cc:274] No SurfaceAnimationManager for token : E77F85AB69220C9BCDE4A495AF853607
[0929/090924.446:ERROR:components\viz\service\transitions\surface_animation_manager.cc:274] No SurfaceAnimationManager for token : E77F85AB69220C9BCDE4A495AF853607
[0929/090924.446:ERROR:components\viz\service\transitions\surface_animation_manager.cc:274] No SurfaceAnimationManager for token : E77F85AB69220C9BCDE4A495AF853607
[0929/090924.463:ERROR:components\viz\service\transitions\surface_animation_manager.cc:274] No SurfaceAnimationManager for token : E77F85AB69220C9BCDE4A495AF853607
[0929/090924.463:ERROR:components\viz\service\transitions\surface_animation_manager.cc:274] No SurfaceAnimationManager for token : E77F85AB69220C9BCDE4A495AF853607
[0929/090924.478:ERROR:components\viz\service\transitions\surface_animation_manager.cc:274] No SurfaceAnimationManager for token : E77F85AB69220C9BCDE4A495AF853607
[0929/090924.478:ERROR:components\viz\service\transitions\surface_animation_manager.cc:274] No SurfaceAnimationManager for token : E77F85AB69220C9BCDE4A495AF853607
[0929/090924.496:ERROR:components\viz\service\transitions\surface_animation_manager.cc:274] No SurfaceAnimationManager for token : E77F85AB69220C9BCDE4A495AF853607
[0929/090924.496:ERROR:components\viz\service\transitions\surface_animation_manager.cc:274] No SurfaceAnimationManager for token : E77F85AB69220C9BCDE4A495AF853607
[0929/090924.512:ERROR:components\viz\service\transitions\surface_animation_manager.cc:274] No SurfaceAnimationManager for token : E77F85AB69220C9BCDE4A495AF853607
[0929/090924.512:ERROR:components\viz\service\transitions\surface_animation_manager.cc:274] No SurfaceAnimationManager for token : E77F85AB69220C9BCDE4A495AF853607
[0929/090924.529:ERROR:components\viz\service\transitions\surface_animation_manager.cc:274] No SurfaceAnimationManager for token : E77F85AB69220C9BCDE4A495AF853607
[0929/090924.529:ERROR:components\viz\service\transitions\surface_animation_manager.cc:274] No SurfaceAnimationManager for token : E77F85AB69220C9BCDE4A495AF853607
[0929/090924.546:ERROR:components\viz\service\transitions\surface_animation_manager.cc:274] No SurfaceAnimationManager for token : E77F85AB69220C9BCDE4A495AF853607
[0929/090924.546:ERROR:components\viz\service\transitions\surface_animation_manager.cc:274] No SurfaceAnimationManager for token : E77F85AB69220C9BCDE4A495AF853607
[0929/090924.561:ERROR:components\viz\service\transitions\surface_animation_manager.cc:274] No SurfaceAnimationManager for token : E77F85AB69220C9BCDE4A495AF853607
[0929/090924.561:ERROR:components\viz\service\transitions\surface_animation_manager.cc:274] No SurfaceAnimationManager for token : E77F85AB69220C9BCDE4A495AF853607
[0929/090924.579:ERROR:components\viz\service\transitions\surface_animation_manager.cc:274] No SurfaceAnimationManager for token : E77F85AB69220C9BCDE4A495AF853607
[0929/090924.612:ERROR:components\viz\service\transitions\surface_animation_manager.cc:274] No SurfaceAnimationManager for token : E77F85AB69220C9BCDE4A495AF853607
[0929/090924.628:ERROR:components\viz\service\transitions\surface_animation_manager.cc:274] No SurfaceAnimationManager for token : E77F85AB69220C9BCDE4A495AF853607
[0929/090924.645:ERROR:components\viz\service\transitions\surface_animation_manager.cc:274] No SurfaceAnimationManager for token : E77F85AB69220C9BCDE4A495AF853607
[0929/090924.662:ERROR:components\viz\service\transitions\surface_animation_manager.cc:274] No SurfaceAnimationManager for token : E77F85AB69220C9BCDE4A495AF853607
[0929/090924.679:ERROR:components\viz\service\transitions\surface_animation_manager.cc:274] No SurfaceAnimationManager for token : E77F85AB69220C9BCDE4A495AF853607
[0929/090924.695:ERROR:components\viz\service\transitions\surface_animation_manager.cc:274] No SurfaceAnimationManager for token : E77F85AB69220C9BCDE4A495AF853607
[0929/090924.712:ERROR:components\viz\service\transitions\surface_animation_manager.cc:274] No SurfaceAnimationManager for token : E77F85AB69220C9BCDE4A495AF853607
[0929/090924.730:ERROR:components\viz\service\transitions\surface_animation_manager.cc:274] No SurfaceAnimationManager for token : E77F85AB69220C9BCDE4A495AF853607
[0929/090924.745:ERROR:components\viz\service\transitions\surface_animation_manager.cc:274] No SurfaceAnimationManager for token : E77F85AB69220C9BCDE4A495AF853607
[0929/090924.763:ERROR:components\viz\service\transitions\surface_animation_manager.cc:274] No SurfaceAnimationManager for token : E77F85AB69220C9BCDE4A495AF853607
[0929/090924.779:ERROR:components\viz\service\transitions\surface_animation_manager.cc:274] No SurfaceAnimationManager for token : E77F85AB69220C9BCDE4A495AF853607
[0929/090924.796:ERROR:components\viz\service\transitions\surface_animation_manager.cc:274] No SurfaceAnimationManager for token : E77F85AB69220C9BCDE4A495AF853607
[0929/090924.813:ERROR:components\viz\service\transitions\surface_animation_manager.cc:274] No SurfaceAnimationManager for token : E77F85AB69220C9BCDE4A495AF853607
[0929/090924.828:ERROR:components\viz\service\transitions\surface_animation_manager.cc:274] No SurfaceAnimationManager for token : E77F85AB69220C9BCDE4A495AF853607
[0929/090924.845:ERROR:components\viz\service\transitions\surface_animation_manager.cc:274] No SurfaceAnimationManager for token : E77F85AB69220C9BCDE4A495AF853607
[0929/090924.862:ERROR:components\viz\service\transitions\surface_animation_manager.cc:274] No SurfaceAnimationManager for token : E77F85AB69220C9BCDE4A495AF853607
[0929/090924.880:ERROR:components\viz\service\transitions\surface_animation_manager.cc:274] No SurfaceAnimationManager for token : E77F85AB69220C9BCDE4A495AF853607
[0929/090924.895:ERROR:components\viz\service\transitions\surface_animation_manager.cc:274] No SurfaceAnimationManager for token : E77F85AB69220C9BCDE4A495AF853607
[0929/090924.912:ERROR:components\viz\service\transitions\surface_animation_manager.cc:274] No SurfaceAnimationManager for token : E77F85AB69220C9BCDE4A495AF853607
[0929/090924.930:ERROR:components\viz\service\transitions\surface_animation_manager.cc:274] No SurfaceAnimationManager for token : E77F85AB69220C9BCDE4A495AF853607
[0929/090924.946:ERROR:components\viz\service\transitions\surface_animation_manager.cc:274] No SurfaceAnimationManager for token : E77F85AB69220C9BCDE4A495AF853607
[0929/090924.963:ERROR:components\viz\service\transitions\surface_animation_manager.cc:274] No SurfaceAnimationManager for token : E77F85AB69220C9BCDE4A495AF853607
[0929/090924.978:ERROR:components\viz\service\transitions\surface_animation_manager.cc:274] No SurfaceAnimationManager for token : E77F85AB69220C9BCDE4A495AF853607
[0929/090924.997:ERROR:components\viz\service\transitions\surface_animation_manager.cc:274] No SurfaceAnimationManager for token : E77F85AB69220C9BCDE4A495AF853607
[0929/090925.013:ERROR:components\viz\service\transitions\surface_animation_manager.cc:274] No SurfaceAnimationManager for token : E77F85AB69220C9BCDE4A495AF853607
[0929/090925.030:ERROR:components\viz\service\transitions\surface_animation_manager.cc:274] No SurfaceAnimationManager for token : E77F85AB69220C9BCDE4A495AF853607
[0929/090925.045:ERROR:components\viz\service\transitions\surface_animation_manager.cc:274] No SurfaceAnimationManager for token : E77F85AB69220C9BCDE4A495AF853607
[0929/090925.063:ERROR:components\viz\service\transitions\surface_animation_manager.cc:274] No SurfaceAnimationManager for token : E77F85AB69220C9BCDE4A495AF853607
[0929/090925.078:ERROR:components\viz\service\transitions\surface_animation_manager.cc:274] No SurfaceAnimationManager for token : E77F85AB69220C9BCDE4A495AF853607
[0929/092001.678:ERROR:gpu\command_buffer\service\gl_utils.cc:430] [.WebGL-0x3cf40296e000]GL Driver Message (OpenGL, Performance, GL_CLOSE_PATH_NV, High): GPU stall due to ReadPixels
[0929/092002.131:ERROR:gpu\command_buffer\service\gl_utils.cc:430] [.WebGL-0x3cf40296e000]GL Driver Message (OpenGL, Performance, GL_CLOSE_PATH_NV, High): GPU stall due to ReadPixels
[0929/092002.202:ERROR:gpu\command_buffer\service\gl_utils.cc:430] [.WebGL-0x3cf40296e000]GL Driver Message (OpenGL, Performance, GL_CLOSE_PATH_NV, High): GPU stall due to ReadPixels
[0929/092002.331:ERROR:gpu\command_buffer\service\gl_utils.cc:430] [.WebGL-0x3cf40296e000]GL Driver Message (OpenGL, Performance, GL_CLOSE_PATH_NV, High): GPU stall due to ReadPixels (this message will no longer repeat)
[0929/092118.390:ERROR:gpu\command_buffer\service\gl_utils.cc:430] [.WebGL-0x2a9c02cef400]GL Driver Message (OpenGL, Performance, GL_CLOSE_PATH_NV, High): GPU stall due to ReadPixels
[0929/092118.633:ERROR:gpu\command_buffer\service\gl_utils.cc:430] [.WebGL-0x2a9c02cef400]GL Driver Message (OpenGL, Performance, GL_CLOSE_PATH_NV, High): GPU stall due to ReadPixels
[0929/092118.670:ERROR:gpu\command_buffer\service\gl_utils.cc:430] [.WebGL-0x2a9c02cef400]GL Driver Message (OpenGL, Performance, GL_CLOSE_PATH_NV, High): GPU stall due to ReadPixels
[0929/092118.748:ERROR:gpu\command_buffer\service\gl_utils.cc:430] [.WebGL-0x2a9c02cef400]GL Driver Message (OpenGL, Performance, GL_CLOSE_PATH_NV, High): GPU stall due to ReadPixels (this message will no longer repeat)
[0929/092123.117:ERROR:components\viz\service\frame_sinks\frame_sink_manager_impl.cc:1285] SurfaceAnimationManager missing for |transition_token| : (8CB784F4B7BC9FE583B6D0A5433E8765)
[0929/092123.117:ERROR:components\viz\service\transitions\surface_animation_manager.cc:274] No SurfaceAnimationManager for token : 8CB784F4B7BC9FE583B6D0A5433E8765
[0929/092123.117:ERROR:components\viz\service\transitions\surface_animation_manager.cc:274] No SurfaceAnimationManager for token : 8CB784F4B7BC9FE583B6D0A5433E8765
[0929/092123.117:ERROR:components\viz\service\transitions\surface_animation_manager.cc:274] No SurfaceAnimationManager for token : 8CB784F4B7BC9FE583B6D0A5433E8765
[0929/092123.117:ERROR:components\viz\service\transitions\surface_animation_manager.cc:274] No SurfaceAnimationManager for token : 8CB784F4B7BC9FE583B6D0A5433E8765
[0929/092123.601:ERROR:components\viz\service\transitions\surface_animation_manager.cc:274] No SurfaceAnimationManager for token : 8CB784F4B7BC9FE583B6D0A5433E8765
[0929/092123.601:ERROR:components\viz\service\transitions\surface_animation_manager.cc:274] No SurfaceAnimationManager for token : 8CB784F4B7BC9FE583B6D0A5433E8765
[0929/092123.682:ERROR:components\viz\service\transitions\surface_animation_manager.cc:274] No SurfaceAnimationManager for token : 8CB784F4B7BC9FE583B6D0A5433E8765
[0929/092123.682:ERROR:components\viz\service\transitions\surface_animation_manager.cc:274] No SurfaceAnimationManager for token : 8CB784F4B7BC9FE583B6D0A5433E8765
[0929/092123.843:ERROR:components\viz\service\transitions\surface_animation_manager.cc:274] No SurfaceAnimationManager for token : 8CB784F4B7BC9FE583B6D0A5433E8765
[0929/092123.843:ERROR:components\viz\service\transitions\surface_animation_manager.cc:274] No SurfaceAnimationManager for token : 8CB784F4B7BC9FE583B6D0A5433E8765
[0929/092123.917:ERROR:components\viz\service\transitions\surface_animation_manager.cc:274] No SurfaceAnimationManager for token : 8CB784F4B7BC9FE583B6D0A5433E8765
[0929/092123.917:ERROR:components\viz\service\transitions\surface_animation_manager.cc:274] No SurfaceAnimationManager for token : 8CB784F4B7BC9FE583B6D0A5433E8765
[0929/092123.987:ERROR:components\viz\service\transitions\surface_animation_manager.cc:274] No SurfaceAnimationManager for token : 8CB784F4B7BC9FE583B6D0A5433E8765
[0929/092123.987:ERROR:components\viz\service\transitions\surface_animation_manager.cc:274] No SurfaceAnimationManager for token : 8CB784F4B7BC9FE583B6D0A5433E8765
[0929/092124.095:ERROR:components\viz\service\transitions\surface_animation_manager.cc:274] No SurfaceAnimationManager for token : 8CB784F4B7BC9FE583B6D0A5433E8765
[0929/092124.096:ERROR:components\viz\service\transitions\surface_animation_manager.cc:274] No SurfaceAnimationManager for token : 8CB784F4B7BC9FE583B6D0A5433E8765
[0929/092124.162:ERROR:components\viz\service\transitions\surface_animation_manager.cc:274] No SurfaceAnimationManager for token : 8CB784F4B7BC9FE583B6D0A5433E8765
[0929/092124.162:ERROR:components\viz\service\transitions\surface_animation_manager.cc:274] No SurfaceAnimationManager for token : 8CB784F4B7BC9FE583B6D0A5433E8765
[0929/092124.216:ERROR:components\viz\service\transitions\surface_animation_manager.cc:274] No SurfaceAnimationManager for token : 8CB784F4B7BC9FE583B6D0A5433E8765
[0929/092124.216:ERROR:components\viz\service\transitions\surface_animation_manager.cc:274] No SurfaceAnimationManager for token : 8CB784F4B7BC9FE583B6D0A5433E8765
[0929/092124.282:ERROR:components\viz\service\transitions\surface_animation_manager.cc:274] No SurfaceAnimationManager for token : 8CB784F4B7BC9FE583B6D0A5433E8765
[0929/092124.282:ERROR:components\viz\service\transitions\surface_animation_manager.cc:274] No SurfaceAnimationManager for token : 8CB784F4B7BC9FE583B6D0A5433E8765
[0929/092124.345:ERROR:components\viz\service\transitions\surface_animation_manager.cc:274] No SurfaceAnimationManager for token : 8CB784F4B7BC9FE583B6D0A5433E8765
[0929/092124.345:ERROR:components\viz\service\transitions\surface_animation_manager.cc:274] No SurfaceAnimationManager for token : 8CB784F4B7BC9FE583B6D0A5433E8765
[0929/092124.415:ERROR:components\viz\service\transitions\surface_animation_manager.cc:274] No SurfaceAnimationManager for token : 8CB784F4B7BC9FE583B6D0A5433E8765
[0929/092124.415:ERROR:components\viz\service\transitions\surface_animation_manager.cc:274] No SurfaceAnimationManager for token : 8CB784F4B7BC9FE583B6D0A5433E8765
[0929/092124.471:ERROR:components\viz\service\transitions\surface_animation_manager.cc:274] No SurfaceAnimationManager for token : 8CB784F4B7BC9FE583B6D0A5433E8765
[0929/092124.471:ERROR:components\viz\service\transitions\surface_animation_manager.cc:274] No SurfaceAnimationManager for token : 8CB784F4B7BC9FE583B6D0A5433E8765
[0929/092124.520:ERROR:components\viz\service\transitions\surface_animation_manager.cc:274] No SurfaceAnimationManager for token : 8CB784F4B7BC9FE583B6D0A5433E8765
[0929/092124.520:ERROR:components\viz\service\transitions\surface_animation_manager.cc:274] No SurfaceAnimationManager for token : 8CB784F4B7BC9FE583B6D0A5433E8765
[0929/092124.570:ERROR:components\viz\service\transitions\surface_animation_manager.cc:274] No SurfaceAnimationManager for token : 8CB784F4B7BC9FE583B6D0A5433E8765
[0929/092124.570:ERROR:components\viz\service\transitions\surface_animation_manager.cc:274] No SurfaceAnimationManager for token : 8CB784F4B7BC9FE583B6D0A5433E8765
[0929/092124.621:ERROR:components\viz\service\transitions\surface_animation_manager.cc:274] No SurfaceAnimationManager for token : 8CB784F4B7BC9FE583B6D0A5433E8765
[0929/092124.621:ERROR:components\viz\service\transitions\surface_animation_manager.cc:274] No SurfaceAnimationManager for token : 8CB784F4B7BC9FE583B6D0A5433E8765
[0929/092124.671:ERROR:components\viz\service\transitions\surface_animation_manager.cc:274] No SurfaceAnimationManager for token : 8CB784F4B7BC9FE583B6D0A5433E8765
[0929/092124.671:ERROR:components\viz\service\transitions\surface_animation_manager.cc:274] No SurfaceAnimationManager for token : 8CB784F4B7BC9FE583B6D0A5433E8765
[0929/092124.724:ERROR:components\viz\service\transitions\surface_animation_manager.cc:274] No SurfaceAnimationManager for token : 8CB784F4B7BC9FE583B6D0A5433E8765
[0929/092124.724:ERROR:components\viz\service\transitions\surface_animation_manager.cc:274] No SurfaceAnimationManager for token : 8CB784F4B7BC9FE583B6D0A5433E8765
[0929/092124.784:ERROR:components\viz\service\transitions\surface_animation_manager.cc:274] No SurfaceAnimationManager for token : 8CB784F4B7BC9FE583B6D0A5433E8765
[0929/092124.785:ERROR:components\viz\service\transitions\surface_animation_manager.cc:274] No SurfaceAnimationManager for token : 8CB784F4B7BC9FE583B6D0A5433E8765
[0929/092124.845:ERROR:components\viz\service\transitions\surface_animation_manager.cc:274] No SurfaceAnimationManager for token : 8CB784F4B7BC9FE583B6D0A5433E8765
[0929/092124.846:ERROR:components\viz\service\transitions\surface_animation_manager.cc:274] No SurfaceAnimationManager for token : 8CB784F4B7BC9FE583B6D0A5433E8765
[0929/092124.900:ERROR:components\viz\service\transitions\surface_animation_manager.cc:274] No SurfaceAnimationManager for token : 8CB784F4B7BC9FE583B6D0A5433E8765
[0929/092124.901:ERROR:components\viz\service\transitions\surface_animation_manager.cc:274] No SurfaceAnimationManager for token : 8CB784F4B7BC9FE583B6D0A5433E8765
[0929/092124.967:ERROR:components\viz\service\transitions\surface_animation_manager.cc:274] No SurfaceAnimationManager for token : 8CB784F4B7BC9FE583B6D0A5433E8765
[0929/092124.967:ERROR:components\viz\service\transitions\surface_animation_manager.cc:274] No SurfaceAnimationManager for token : 8CB784F4B7BC9FE583B6D0A5433E8765
[0929/092125.041:ERROR:components\viz\service\transitions\surface_animation_manager.cc:274] No SurfaceAnimationManager for token : 8CB784F4B7BC9FE583B6D0A5433E8765
[0929/092125.041:ERROR:components\viz\service\transitions\surface_animation_manager.cc:274] No SurfaceAnimationManager for token : 8CB784F4B7BC9FE583B6D0A5433E8765
[0929/092125.115:ERROR:components\viz\service\transitions\surface_animation_manager.cc:274] No SurfaceAnimationManager for token : 8CB784F4B7BC9FE583B6D0A5433E8765
[0929/092125.115:ERROR:components\viz\service\transitions\surface_animation_manager.cc:274] No SurfaceAnimationManager for token : 8CB784F4B7BC9FE583B6D0A5433E8765
[0929/092125.184:ERROR:components\viz\service\transitions\surface_animation_manager.cc:274] No SurfaceAnimationManager for token : 8CB784F4B7BC9FE583B6D0A5433E8765
[0929/092125.184:ERROR:components\viz\service\transitions\surface_animation_manager.cc:274] No SurfaceAnimationManager for token : 8CB784F4B7BC9FE583B6D0A5433E8765
[0929/092125.253:ERROR:components\viz\service\transitions\surface_animation_manager.cc:274] No SurfaceAnimationManager for token : 8CB784F4B7BC9FE583B6D0A5433E8765
[0929/092125.299:ERROR:components\viz\service\transitions\surface_animation_manager.cc:274] No SurfaceAnimationManager for token : 8CB784F4B7BC9FE583B6D0A5433E8765
[0929/092125.345:ERROR:components\viz\service\transitions\surface_animation_manager.cc:274] No SurfaceAnimationManager for token : 8CB784F4B7BC9FE583B6D0A5433E8765
[0929/092125.388:ERROR:components\viz\service\transitions\surface_animation_manager.cc:274] No SurfaceAnimationManager for token : 8CB784F4B7BC9FE583B6D0A5433E8765
[0929/092125.434:ERROR:components\viz\service\transitions\surface_animation_manager.cc:274] No SurfaceAnimationManager for token : 8CB784F4B7BC9FE583B6D0A5433E8765
[0929/092125.478:ERROR:components\viz\service\transitions\surface_animation_manager.cc:274] No SurfaceAnimationManager for token : 8CB784F4B7BC9FE583B6D0A5433E8765
[0929/092125.521:ERROR:components\viz\service\transitions\surface_animation_manager.cc:274] No SurfaceAnimationManager for token : 8CB784F4B7BC9FE583B6D0A5433E8765
[0929/092125.564:ERROR:components\viz\service\transitions\surface_animation_manager.cc:274] No SurfaceAnimationManager for token : 8CB784F4B7BC9FE583B6D0A5433E8765
[0929/092125.606:ERROR:components\viz\service\transitions\surface_animation_manager.cc:274] No SurfaceAnimationManager for token : 8CB784F4B7BC9FE583B6D0A5433E8765
[0929/092125.651:ERROR:components\viz\service\transitions\surface_animation_manager.cc:274] No SurfaceAnimationManager for token : 8CB784F4B7BC9FE583B6D0A5433E8765
[0929/092125.696:ERROR:components\viz\service\transitions\surface_animation_manager.cc:274] No SurfaceAnimationManager for token : 8CB784F4B7BC9FE583B6D0A5433E8765
[0929/092125.743:ERROR:components\viz\service\transitions\surface_animation_manager.cc:274] No SurfaceAnimationManager for token : 8CB784F4B7BC9FE583B6D0A5433E8765
[0929/092125.789:ERROR:components\viz\service\transitions\surface_animation_manager.cc:274] No SurfaceAnimationManager for token : 8CB784F4B7BC9FE583B6D0A5433E8765
[0929/092125.838:ERROR:components\viz\service\transitions\surface_animation_manager.cc:274] No SurfaceAnimationManager for token : 8CB784F4B7BC9FE583B6D0A5433E8765
[0929/092138.313:ERROR:gpu\command_buffer\service\gl_utils.cc:430] [.WebGL-0x4c54001bf400]GL Driver Message (OpenGL, Performance, GL_CLOSE_PATH_NV, High): GPU stall due to ReadPixels
[0929/092138.713:ERROR:gpu\command_buffer\service\gl_utils.cc:430] [.WebGL-0x4c54001bf400]GL Driver Message (OpenGL, Performance, GL_CLOSE_PATH_NV, High): GPU stall due to ReadPixels
[0929/092138.777:ERROR:gpu\command_buffer\service\gl_utils.cc:430] [.WebGL-0x4c54001bf400]GL Driver Message (OpenGL, Performance, GL_CLOSE_PATH_NV, High): GPU stall due to ReadPixels
[0929/092138.839:ERROR:gpu\command_buffer\service\gl_utils.cc:430] [.WebGL-0x4c54001bf400]GL Driver Message (OpenGL, Performance, GL_CLOSE_PATH_NV, High): GPU stall due to ReadPixels (this message will no longer repeat)
[0929/092151.414:ERROR:gpu\command_buffer\service\shared_image\shared_image_manager.cc:395] SharedImageManager::ProduceMemory: Trying to Produce a Memory representation from a non-existent mailbox.
[0929/093238.545:ERROR:components\viz\service\frame_sinks\frame_sink_manager_impl.cc:1285] SurfaceAnimationManager missing for |transition_token| : (E17219350883270032AA6EE43D2F8A94)
[0929/093238.546:ERROR:components\viz\service\transitions\surface_animation_manager.cc:274] No SurfaceAnimationManager for token : E17219350883270032AA6EE43D2F8A94
[0929/093238.546:ERROR:components\viz\service\transitions\surface_animation_manager.cc:274] No SurfaceAnimationManager for token : E17219350883270032AA6EE43D2F8A94
[0929/093238.572:ERROR:components\viz\service\transitions\surface_animation_manager.cc:274] No SurfaceAnimationManager for token : E17219350883270032AA6EE43D2F8A94
[0929/093238.572:ERROR:components\viz\service\transitions\surface_animation_manager.cc:274] No SurfaceAnimationManager for token : E17219350883270032AA6EE43D2F8A94
[0929/093238.677:ERROR:gpu\command_buffer\service\gl_utils.cc:430] [.WebGL-0x764c025e1c00]GL Driver Message (OpenGL, Performance, GL_CLOSE_PATH_NV, High): GPU stall due to ReadPixels
[0929/093238.784:ERROR:components\viz\service\transitions\surface_animation_manager.cc:274] No SurfaceAnimationManager for token : E17219350883270032AA6EE43D2F8A94
[0929/093238.784:ERROR:components\viz\service\transitions\surface_animation_manager.cc:274] No SurfaceAnimationManager for token : E17219350883270032AA6EE43D2F8A94
[0929/093238.839:ERROR:components\viz\service\transitions\surface_animation_manager.cc:274] No SurfaceAnimationManager for token : E17219350883270032AA6EE43D2F8A94
[0929/093238.839:ERROR:components\viz\service\transitions\surface_animation_manager.cc:274] No SurfaceAnimationManager for token : E17219350883270032AA6EE43D2F8A94
[0929/093238.924:ERROR:gpu\command_buffer\service\gl_utils.cc:430] [.WebGL-0x764c025e1c00]GL Driver Message (OpenGL, Performance, GL_CLOSE_PATH_NV, High): GPU stall due to ReadPixels
[0929/093238.956:ERROR:gpu\command_buffer\service\gl_utils.cc:430] [.WebGL-0x764c025e1c00]GL Driver Message (OpenGL, Performance, GL_CLOSE_PATH_NV, High): GPU stall due to ReadPixels
[0929/093239.005:ERROR:components\viz\service\transitions\surface_animation_manager.cc:274] No SurfaceAnimationManager for token : E17219350883270032AA6EE43D2F8A94
[0929/093239.005:ERROR:components\viz\service\transitions\surface_animation_manager.cc:274] No SurfaceAnimationManager for token : E17219350883270032AA6EE43D2F8A94
[0929/093239.006:ERROR:gpu\command_buffer\service\gl_utils.cc:430] [.WebGL-0x764c025e1c00]GL Driver Message (OpenGL, Performance, GL_CLOSE_PATH_NV, High): GPU stall due to ReadPixels (this message will no longer repeat)
[0929/093239.050:ERROR:components\viz\service\transitions\surface_animation_manager.cc:274] No SurfaceAnimationManager for token : E17219350883270032AA6EE43D2F8A94
[0929/093239.050:ERROR:components\viz\service\transitions\surface_animation_manager.cc:274] No SurfaceAnimationManager for token : E17219350883270032AA6EE43D2F8A94
[0929/093239.097:ERROR:components\viz\service\transitions\surface_animation_manager.cc:274] No SurfaceAnimationManager for token : E17219350883270032AA6EE43D2F8A94
[0929/093239.097:ERROR:components\viz\service\transitions\surface_animation_manager.cc:274] No SurfaceAnimationManager for token : E17219350883270032AA6EE43D2F8A94
[0929/093239.140:ERROR:components\viz\service\transitions\surface_animation_manager.cc:274] No SurfaceAnimationManager for token : E17219350883270032AA6EE43D2F8A94
[0929/093239.140:ERROR:components\viz\service\transitions\surface_animation_manager.cc:274] No SurfaceAnimationManager for token : E17219350883270032AA6EE43D2F8A94
[0929/093239.181:ERROR:components\viz\service\transitions\surface_animation_manager.cc:274] No SurfaceAnimationManager for token : E17219350883270032AA6EE43D2F8A94
[0929/093239.182:ERROR:components\viz\service\transitions\surface_animation_manager.cc:274] No SurfaceAnimationManager for token : E17219350883270032AA6EE43D2F8A94
[0929/093239.216:ERROR:components\viz\service\transitions\surface_animation_manager.cc:274] No SurfaceAnimationManager for token : E17219350883270032AA6EE43D2F8A94
[0929/093239.216:ERROR:components\viz\service\transitions\surface_animation_manager.cc:274] No SurfaceAnimationManager for token : E17219350883270032AA6EE43D2F8A94
[0929/093239.257:ERROR:components\viz\service\transitions\surface_animation_manager.cc:274] No SurfaceAnimationManager for token : E17219350883270032AA6EE43D2F8A94
[0929/093239.257:ERROR:components\viz\service\transitions\surface_animation_manager.cc:274] No SurfaceAnimationManager for token : E17219350883270032AA6EE43D2F8A94
[0929/093239.293:ERROR:components\viz\service\transitions\surface_animation_manager.cc:274] No SurfaceAnimationManager for token : E17219350883270032AA6EE43D2F8A94
[0929/093239.293:ERROR:components\viz\service\transitions\surface_animation_manager.cc:274] No SurfaceAnimationManager for token : E17219350883270032AA6EE43D2F8A94
[0929/093239.334:ERROR:components\viz\service\transitions\surface_animation_manager.cc:274] No SurfaceAnimationManager for token : E17219350883270032AA6EE43D2F8A94
[0929/093239.334:ERROR:components\viz\service\transitions\surface_animation_manager.cc:274] No SurfaceAnimationManager for token : E17219350883270032AA6EE43D2F8A94
[0929/093239.377:ERROR:components\viz\service\transitions\surface_animation_manager.cc:274] No SurfaceAnimationManager for token : E17219350883270032AA6EE43D2F8A94
[0929/093239.377:ERROR:components\viz\service\transitions\surface_animation_manager.cc:274] No SurfaceAnimationManager for token : E17219350883270032AA6EE43D2F8A94
[0929/093239.421:ERROR:components\viz\service\transitions\surface_animation_manager.cc:274] No SurfaceAnimationManager for token : E17219350883270032AA6EE43D2F8A94
[0929/093239.422:ERROR:components\viz\service\transitions\surface_animation_manager.cc:274] No SurfaceAnimationManager for token : E17219350883270032AA6EE43D2F8A94
[0929/093239.462:ERROR:components\viz\service\transitions\surface_animation_manager.cc:274] No SurfaceAnimationManager for token : E17219350883270032AA6EE43D2F8A94
[0929/093239.462:ERROR:components\viz\service\transitions\surface_animation_manager.cc:274] No SurfaceAnimationManager for token : E17219350883270032AA6EE43D2F8A94
[0929/093239.498:ERROR:components\viz\service\transitions\surface_animation_manager.cc:274] No SurfaceAnimationManager for token : E17219350883270032AA6EE43D2F8A94
[0929/093239.498:ERROR:components\viz\service\transitions\surface_animation_manager.cc:274] No SurfaceAnimationManager for token : E17219350883270032AA6EE43D2F8A94
[0929/093239.541:ERROR:components\viz\service\transitions\surface_animation_manager.cc:274] No SurfaceAnimationManager for token : E17219350883270032AA6EE43D2F8A94
[0929/093239.541:ERROR:components\viz\service\transitions\surface_animation_manager.cc:274] No SurfaceAnimationManager for token : E17219350883270032AA6EE43D2F8A94
[0929/093239.583:ERROR:components\viz\service\transitions\surface_animation_manager.cc:274] No SurfaceAnimationManager for token : E17219350883270032AA6EE43D2F8A94
[0929/093239.583:ERROR:components\viz\service\transitions\surface_animation_manager.cc:274] No SurfaceAnimationManager for token : E17219350883270032AA6EE43D2F8A94
[0929/093239.623:ERROR:components\viz\service\transitions\surface_animation_manager.cc:274] No SurfaceAnimationManager for token : E17219350883270032AA6EE43D2F8A94
[0929/093239.623:ERROR:components\viz\service\transitions\surface_animation_manager.cc:274] No SurfaceAnimationManager for token : E17219350883270032AA6EE43D2F8A94
[0929/093239.667:ERROR:components\viz\service\transitions\surface_animation_manager.cc:274] No SurfaceAnimationManager for token : E17219350883270032AA6EE43D2F8A94
[0929/093239.667:ERROR:components\viz\service\transitions\surface_animation_manager.cc:274] No SurfaceAnimationManager for token : E17219350883270032AA6EE43D2F8A94
[0929/093239.706:ERROR:components\viz\service\transitions\surface_animation_manager.cc:274] No SurfaceAnimationManager for token : E17219350883270032AA6EE43D2F8A94
[0929/093239.706:ERROR:components\viz\service\transitions\surface_animation_manager.cc:274] No SurfaceAnimationManager for token : E17219350883270032AA6EE43D2F8A94
[0929/093239.757:ERROR:components\viz\service\transitions\surface_animation_manager.cc:274] No SurfaceAnimationManager for token : E17219350883270032AA6EE43D2F8A94
[0929/093239.757:ERROR:components\viz\service\transitions\surface_animation_manager.cc:274] No SurfaceAnimationManager for token : E17219350883270032AA6EE43D2F8A94
[0929/093239.796:ERROR:components\viz\service\transitions\surface_animation_manager.cc:274] No SurfaceAnimationManager for token : E17219350883270032AA6EE43D2F8A94
[0929/093239.796:ERROR:components\viz\service\transitions\surface_animation_manager.cc:274] No SurfaceAnimationManager for token : E17219350883270032AA6EE43D2F8A94
[0929/093239.843:ERROR:components\viz\service\transitions\surface_animation_manager.cc:274] No SurfaceAnimationManager for token : E17219350883270032AA6EE43D2F8A94
[0929/093239.843:ERROR:components\viz\service\transitions\surface_animation_manager.cc:274] No SurfaceAnimationManager for token : E17219350883270032AA6EE43D2F8A94
[0929/093239.887:ERROR:components\viz\service\transitions\surface_animation_manager.cc:274] No SurfaceAnimationManager for token : E17219350883270032AA6EE43D2F8A94
[0929/093239.887:ERROR:components\viz\service\transitions\surface_animation_manager.cc:274] No SurfaceAnimationManager for token : E17219350883270032AA6EE43D2F8A94
[0929/093239.922:ERROR:components\viz\service\transitions\surface_animation_manager.cc:274] No SurfaceAnimationManager for token : E17219350883270032AA6EE43D2F8A94
[0929/093239.922:ERROR:components\viz\service\transitions\surface_animation_manager.cc:274] No SurfaceAnimationManager for token : E17219350883270032AA6EE43D2F8A94
[0929/093239.960:ERROR:components\viz\service\transitions\surface_animation_manager.cc:274] No SurfaceAnimationManager for token : E17219350883270032AA6EE43D2F8A94
[0929/093239.960:ERROR:components\viz\service\transitions\surface_animation_manager.cc:274] No SurfaceAnimationManager for token : E17219350883270032AA6EE43D2F8A94
[0929/093240.002:ERROR:components\viz\service\transitions\surface_animation_manager.cc:274] No SurfaceAnimationManager for token : E17219350883270032AA6EE43D2F8A94
[0929/093240.002:ERROR:components\viz\service\transitions\surface_animation_manager.cc:274] No SurfaceAnimationManager for token : E17219350883270032AA6EE43D2F8A94
[0929/093240.047:ERROR:components\viz\service\transitions\surface_animation_manager.cc:274] No SurfaceAnimationManager for token : E17219350883270032AA6EE43D2F8A94
[0929/093240.047:ERROR:components\viz\service\transitions\surface_animation_manager.cc:274] No SurfaceAnimationManager for token : E17219350883270032AA6EE43D2F8A94
[0929/093240.086:ERROR:components\viz\service\transitions\surface_animation_manager.cc:274] No SurfaceAnimationManager for token : E17219350883270032AA6EE43D2F8A94
[0929/093240.086:ERROR:components\viz\service\transitions\surface_animation_manager.cc:274] No SurfaceAnimationManager for token : E17219350883270032AA6EE43D2F8A94
[0929/093240.125:ERROR:components\viz\service\transitions\surface_animation_manager.cc:274] No SurfaceAnimationManager for token : E17219350883270032AA6EE43D2F8A94
[0929/093240.149:ERROR:components\viz\service\transitions\surface_animation_manager.cc:274] No SurfaceAnimationManager for token : E17219350883270032AA6EE43D2F8A94
[0929/093240.168:ERROR:components\viz\service\transitions\surface_animation_manager.cc:274] No SurfaceAnimationManager for token : E17219350883270032AA6EE43D2F8A94
[0929/093240.192:ERROR:components\viz\service\transitions\surface_animation_manager.cc:274] No SurfaceAnimationManager for token : E17219350883270032AA6EE43D2F8A94
[0929/093240.208:ERROR:components\viz\service\transitions\surface_animation_manager.cc:274] No SurfaceAnimationManager for token : E17219350883270032AA6EE43D2F8A94
[0929/093240.238:ERROR:components\viz\service\transitions\surface_animation_manager.cc:274] No SurfaceAnimationManager for token : E17219350883270032AA6EE43D2F8A94
[0929/093240.260:ERROR:components\viz\service\transitions\surface_animation_manager.cc:274] No SurfaceAnimationManager for token : E17219350883270032AA6EE43D2F8A94
[0929/093240.286:ERROR:components\viz\service\transitions\surface_animation_manager.cc:274] No SurfaceAnimationManager for token : E17219350883270032AA6EE43D2F8A94
[0929/093240.308:ERROR:components\viz\service\transitions\surface_animation_manager.cc:274] No SurfaceAnimationManager for token : E17219350883270032AA6EE43D2F8A94
[0929/093240.332:ERROR:components\viz\service\transitions\surface_animation_manager.cc:274] No SurfaceAnimationManager for token : E17219350883270032AA6EE43D2F8A94
[0929/093240.355:ERROR:components\viz\service\transitions\surface_animation_manager.cc:274] No SurfaceAnimationManager for token : E17219350883270032AA6EE43D2F8A94
[0929/093240.385:ERROR:components\viz\service\transitions\surface_animation_manager.cc:274] No SurfaceAnimationManager for token : E17219350883270032AA6EE43D2F8A94
[0929/093240.408:ERROR:components\viz\service\transitions\surface_animation_manager.cc:274] No SurfaceAnimationManager for token : E17219350883270032AA6EE43D2F8A94
[0929/093240.438:ERROR:components\viz\service\transitions\surface_animation_manager.cc:274] No SurfaceAnimationManager for token : E17219350883270032AA6EE43D2F8A94
[0929/093240.462:ERROR:components\viz\service\transitions\surface_animation_manager.cc:274] No SurfaceAnimationManager for token : E17219350883270032AA6EE43D2F8A94
[0929/093240.500:ERROR:components\viz\service\transitions\surface_animation_manager.cc:274] No SurfaceAnimationManager for token : E17219350883270032AA6EE43D2F8A94
[0929/093240.538:ERROR:components\viz\service\transitions\surface_animation_manager.cc:274] No SurfaceAnimationManager for token : E17219350883270032AA6EE43D2F8A94
[0929/093240.575:ERROR:components\viz\service\transitions\surface_animation_manager.cc:274] No SurfaceAnimationManager for token : E17219350883270032AA6EE43D2F8A94
[0929/093240.612:ERROR:components\viz\service\transitions\surface_animation_manager.cc:274] No SurfaceAnimationManager for token : E17219350883270032AA6EE43D2F8A94
[0929/093240.650:ERROR:components\viz\service\transitions\surface_animation_manager.cc:274] No SurfaceAnimationManager for token : E17219350883270032AA6EE43D2F8A94
[0929/094238.791:ERROR:gpu\command_buffer\service\gl_utils.cc:430] [.WebGL-0x2024001b5000]GL Driver Message (OpenGL, Performance, GL_CLOSE_PATH_NV, High): GPU stall due to ReadPixels
[0929/094238.889:ERROR:components\viz\service\frame_sinks\frame_sink_manager_impl.cc:1285] SurfaceAnimationManager missing for |transition_token| : (0A79D14C6EFE5FF4368A02A98572660B)
[0929/094238.889:ERROR:components\viz\service\transitions\surface_animation_manager.cc:274] No SurfaceAnimationManager for token : 0A79D14C6EFE5FF4368A02A98572660B
[0929/094238.889:ERROR:components\viz\service\transitions\surface_animation_manager.cc:274] No SurfaceAnimationManager for token : 0A79D14C6EFE5FF4368A02A98572660B
[0929/094238.964:ERROR:components\viz\service\transitions\surface_animation_manager.cc:274] No SurfaceAnimationManager for token : 0A79D14C6EFE5FF4368A02A98572660B
[0929/094238.964:ERROR:components\viz\service\transitions\surface_animation_manager.cc:274] No SurfaceAnimationManager for token : 0A79D14C6EFE5FF4368A02A98572660B
[0929/094239.032:ERROR:gpu\command_buffer\service\gl_utils.cc:430] [.WebGL-0x2024001b5000]GL Driver Message (OpenGL, Performance, GL_CLOSE_PATH_NV, High): GPU stall due to ReadPixels
[0929/094239.071:ERROR:gpu\command_buffer\service\gl_utils.cc:430] [.WebGL-0x2024001b5000]GL Driver Message (OpenGL, Performance, GL_CLOSE_PATH_NV, High): GPU stall due to ReadPixels
[0929/094239.072:ERROR:components\viz\service\transitions\surface_animation_manager.cc:274] No SurfaceAnimationManager for token : 0A79D14C6EFE5FF4368A02A98572660B
[0929/094239.072:ERROR:components\viz\service\transitions\surface_animation_manager.cc:274] No SurfaceAnimationManager for token : 0A79D14C6EFE5FF4368A02A98572660B
[0929/094239.125:ERROR:components\viz\service\transitions\surface_animation_manager.cc:274] No SurfaceAnimationManager for token : 0A79D14C6EFE5FF4368A02A98572660B
[0929/094239.126:ERROR:components\viz\service\transitions\surface_animation_manager.cc:274] No SurfaceAnimationManager for token : 0A79D14C6EFE5FF4368A02A98572660B
[0929/094239.126:ERROR:gpu\command_buffer\service\gl_utils.cc:430] [.WebGL-0x2024001b5000]GL Driver Message (OpenGL, Performance, GL_CLOSE_PATH_NV, High): GPU stall due to ReadPixels (this message will no longer repeat)
[0929/094239.167:ERROR:components\viz\service\transitions\surface_animation_manager.cc:274] No SurfaceAnimationManager for token : 0A79D14C6EFE5FF4368A02A98572660B
[0929/094239.167:ERROR:components\viz\service\transitions\surface_animation_manager.cc:274] No SurfaceAnimationManager for token : 0A79D14C6EFE5FF4368A02A98572660B
[0929/094239.201:ERROR:components\viz\service\transitions\surface_animation_manager.cc:274] No SurfaceAnimationManager for token : 0A79D14C6EFE5FF4368A02A98572660B
[0929/094239.201:ERROR:components\viz\service\transitions\surface_animation_manager.cc:274] No SurfaceAnimationManager for token : 0A79D14C6EFE5FF4368A02A98572660B
[0929/094239.244:ERROR:components\viz\service\transitions\surface_animation_manager.cc:274] No SurfaceAnimationManager for token : 0A79D14C6EFE5FF4368A02A98572660B
[0929/094239.244:ERROR:components\viz\service\transitions\surface_animation_manager.cc:274] No SurfaceAnimationManager for token : 0A79D14C6EFE5FF4368A02A98572660B
[0929/094239.292:ERROR:components\viz\service\transitions\surface_animation_manager.cc:274] No SurfaceAnimationManager for token : 0A79D14C6EFE5FF4368A02A98572660B
[0929/094239.292:ERROR:components\viz\service\transitions\surface_animation_manager.cc:274] No SurfaceAnimationManager for token : 0A79D14C6EFE5FF4368A02A98572660B
[0929/094239.327:ERROR:components\viz\service\transitions\surface_animation_manager.cc:274] No SurfaceAnimationManager for token : 0A79D14C6EFE5FF4368A02A98572660B
[0929/094239.327:ERROR:components\viz\service\transitions\surface_animation_manager.cc:274] No SurfaceAnimationManager for token : 0A79D14C6EFE5FF4368A02A98572660B
[0929/094239.363:ERROR:components\viz\service\transitions\surface_animation_manager.cc:274] No SurfaceAnimationManager for token : 0A79D14C6EFE5FF4368A02A98572660B
[0929/094239.363:ERROR:components\viz\service\transitions\surface_animation_manager.cc:274] No SurfaceAnimationManager for token : 0A79D14C6EFE5FF4368A02A98572660B
[0929/094239.397:ERROR:components\viz\service\transitions\surface_animation_manager.cc:274] No SurfaceAnimationManager for token : 0A79D14C6EFE5FF4368A02A98572660B
[0929/094239.398:ERROR:components\viz\service\transitions\surface_animation_manager.cc:274] No SurfaceAnimationManager for token : 0A79D14C6EFE5FF4368A02A98572660B
[0929/094239.432:ERROR:components\viz\service\transitions\surface_animation_manager.cc:274] No SurfaceAnimationManager for token : 0A79D14C6EFE5FF4368A02A98572660B
[0929/094239.432:ERROR:components\viz\service\transitions\surface_animation_manager.cc:274] No SurfaceAnimationManager for token : 0A79D14C6EFE5FF4368A02A98572660B
[0929/094239.477:ERROR:components\viz\service\transitions\surface_animation_manager.cc:274] No SurfaceAnimationManager for token : 0A79D14C6EFE5FF4368A02A98572660B
[0929/094239.478:ERROR:components\viz\service\transitions\surface_animation_manager.cc:274] No SurfaceAnimationManager for token : 0A79D14C6EFE5FF4368A02A98572660B
[0929/094239.513:ERROR:components\viz\service\transitions\surface_animation_manager.cc:274] No SurfaceAnimationManager for token : 0A79D14C6EFE5FF4368A02A98572660B
[0929/094239.513:ERROR:components\viz\service\transitions\surface_animation_manager.cc:274] No SurfaceAnimationManager for token : 0A79D14C6EFE5FF4368A02A98572660B
[0929/094239.546:ERROR:components\viz\service\transitions\surface_animation_manager.cc:274] No SurfaceAnimationManager for token : 0A79D14C6EFE5FF4368A02A98572660B
[0929/094239.547:ERROR:components\viz\service\transitions\surface_animation_manager.cc:274] No SurfaceAnimationManager for token : 0A79D14C6EFE5FF4368A02A98572660B
[0929/094239.587:ERROR:components\viz\service\transitions\surface_animation_manager.cc:274] No SurfaceAnimationManager for token : 0A79D14C6EFE5FF4368A02A98572660B
[0929/094239.587:ERROR:components\viz\service\transitions\surface_animation_manager.cc:274] No SurfaceAnimationManager for token : 0A79D14C6EFE5FF4368A02A98572660B
[0929/094239.619:ERROR:components\viz\service\transitions\surface_animation_manager.cc:274] No SurfaceAnimationManager for token : 0A79D14C6EFE5FF4368A02A98572660B
[0929/094239.619:ERROR:components\viz\service\transitions\surface_animation_manager.cc:274] No SurfaceAnimationManager for token : 0A79D14C6EFE5FF4368A02A98572660B
[0929/094239.654:ERROR:components\viz\service\transitions\surface_animation_manager.cc:274] No SurfaceAnimationManager for token : 0A79D14C6EFE5FF4368A02A98572660B
[0929/094239.654:ERROR:components\viz\service\transitions\surface_animation_manager.cc:274] No SurfaceAnimationManager for token : 0A79D14C6EFE5FF4368A02A98572660B
[0929/094239.690:ERROR:components\viz\service\transitions\surface_animation_manager.cc:274] No SurfaceAnimationManager for token : 0A79D14C6EFE5FF4368A02A98572660B
[0929/094239.690:ERROR:components\viz\service\transitions\surface_animation_manager.cc:274] No SurfaceAnimationManager for token : 0A79D14C6EFE5FF4368A02A98572660B
[0929/094239.736:ERROR:components\viz\service\transitions\surface_animation_manager.cc:274] No SurfaceAnimationManager for token : 0A79D14C6EFE5FF4368A02A98572660B
[0929/094239.736:ERROR:components\viz\service\transitions\surface_animation_manager.cc:274] No SurfaceAnimationManager for token : 0A79D14C6EFE5FF4368A02A98572660B
[0929/094239.791:ERROR:components\viz\service\transitions\surface_animation_manager.cc:274] No SurfaceAnimationManager for token : 0A79D14C6EFE5FF4368A02A98572660B
[0929/094239.791:ERROR:components\viz\service\transitions\surface_animation_manager.cc:274] No SurfaceAnimationManager for token : 0A79D14C6EFE5FF4368A02A98572660B
[0929/094239.844:ERROR:components\viz\service\transitions\surface_animation_manager.cc:274] No SurfaceAnimationManager for token : 0A79D14C6EFE5FF4368A02A98572660B
[0929/094239.844:ERROR:components\viz\service\transitions\surface_animation_manager.cc:274] No SurfaceAnimationManager for token : 0A79D14C6EFE5FF4368A02A98572660B
[0929/094239.889:ERROR:components\viz\service\transitions\surface_animation_manager.cc:274] No SurfaceAnimationManager for token : 0A79D14C6EFE5FF4368A02A98572660B
[0929/094239.889:ERROR:components\viz\service\transitions\surface_animation_manager.cc:274] No SurfaceAnimationManager for token : 0A79D14C6EFE5FF4368A02A98572660B
[0929/094239.949:ERROR:components\viz\service\transitions\surface_animation_manager.cc:274] No SurfaceAnimationManager for token : 0A79D14C6EFE5FF4368A02A98572660B
[0929/094239.949:ERROR:components\viz\service\transitions\surface_animation_manager.cc:274] No SurfaceAnimationManager for token : 0A79D14C6EFE5FF4368A02A98572660B
[0929/094240.005:ERROR:components\viz\service\transitions\surface_animation_manager.cc:274] No SurfaceAnimationManager for token : 0A79D14C6EFE5FF4368A02A98572660B
[0929/094240.005:ERROR:components\viz\service\transitions\surface_animation_manager.cc:274] No SurfaceAnimationManager for token : 0A79D14C6EFE5FF4368A02A98572660B
[0929/094240.061:ERROR:components\viz\service\transitions\surface_animation_manager.cc:274] No SurfaceAnimationManager for token : 0A79D14C6EFE5FF4368A02A98572660B
[0929/094240.061:ERROR:components\viz\service\transitions\surface_animation_manager.cc:274] No SurfaceAnimationManager for token : 0A79D14C6EFE5FF4368A02A98572660B
[0929/094240.113:ERROR:components\viz\service\transitions\surface_animation_manager.cc:274] No SurfaceAnimationManager for token : 0A79D14C6EFE5FF4368A02A98572660B
[0929/094240.113:ERROR:components\viz\service\transitions\surface_animation_manager.cc:274] No SurfaceAnimationManager for token : 0A79D14C6EFE5FF4368A02A98572660B
[0929/094240.166:ERROR:components\viz\service\transitions\surface_animation_manager.cc:274] No SurfaceAnimationManager for token : 0A79D14C6EFE5FF4368A02A98572660B
[0929/094240.166:ERROR:components\viz\service\transitions\surface_animation_manager.cc:274] No SurfaceAnimationManager for token : 0A79D14C6EFE5FF4368A02A98572660B
[0929/094240.211:ERROR:components\viz\service\transitions\surface_animation_manager.cc:274] No SurfaceAnimationManager for token : 0A79D14C6EFE5FF4368A02A98572660B
[0929/094240.245:ERROR:components\viz\service\transitions\surface_animation_manager.cc:274] No SurfaceAnimationManager for token : 0A79D14C6EFE5FF4368A02A98572660B
[0929/094240.270:ERROR:components\viz\service\transitions\surface_animation_manager.cc:274] No SurfaceAnimationManager for token : 0A79D14C6EFE5FF4368A02A98572660B
[0929/094240.311:ERROR:components\viz\service\transitions\surface_animation_manager.cc:274] No SurfaceAnimationManager for token : 0A79D14C6EFE5FF4368A02A98572660B
[0929/094240.342:ERROR:components\viz\service\transitions\surface_animation_manager.cc:274] No SurfaceAnimationManager for token : 0A79D14C6EFE5FF4368A02A98572660B
[0929/094240.369:ERROR:components\viz\service\transitions\surface_animation_manager.cc:274] No SurfaceAnimationManager for token : 0A79D14C6EFE5FF4368A02A98572660B
[0929/094240.403:ERROR:components\viz\service\transitions\surface_animation_manager.cc:274] No SurfaceAnimationManager for token : 0A79D14C6EFE5FF4368A02A98572660B
[0929/094240.443:ERROR:components\viz\service\transitions\surface_animation_manager.cc:274] No SurfaceAnimationManager for token : 0A79D14C6EFE5FF4368A02A98572660B
[0929/094240.484:ERROR:components\viz\service\transitions\surface_animation_manager.cc:274] No SurfaceAnimationManager for token : 0A79D14C6EFE5FF4368A02A98572660B
[0929/094240.516:ERROR:components\viz\service\transitions\surface_animation_manager.cc:274] No SurfaceAnimationManager for token : 0A79D14C6EFE5FF4368A02A98572660B
[0929/094240.552:ERROR:components\viz\service\transitions\surface_animation_manager.cc:274] No SurfaceAnimationManager for token : 0A79D14C6EFE5FF4368A02A98572660B
[0929/094240.583:ERROR:components\viz\service\transitions\surface_animation_manager.cc:274] No SurfaceAnimationManager for token : 0A79D14C6EFE5FF4368A02A98572660B
[0929/094240.624:ERROR:components\viz\service\transitions\surface_animation_manager.cc:274] No SurfaceAnimationManager for token : 0A79D14C6EFE5FF4368A02A98572660B
[0929/094240.662:ERROR:components\viz\service\transitions\surface_animation_manager.cc:274] No SurfaceAnimationManager for token : 0A79D14C6EFE5FF4368A02A98572660B
[0929/094240.702:ERROR:components\viz\service\transitions\surface_animation_manager.cc:274] No SurfaceAnimationManager for token : 0A79D14C6EFE5FF4368A02A98572660B
[0929/094240.733:ERROR:components\viz\service\transitions\surface_animation_manager.cc:274] No SurfaceAnimationManager for token : 0A79D14C6EFE5FF4368A02A98572660B
[0929/094240.774:ERROR:components\viz\service\transitions\surface_animation_manager.cc:274] No SurfaceAnimationManager for token : 0A79D14C6EFE5FF4368A02A98572660B
[0929/094240.821:ERROR:components\viz\service\transitions\surface_animation_manager.cc:274] No SurfaceAnimationManager for token : 0A79D14C6EFE5FF4368A02A98572660B
[0929/094304.752:ERROR:components\viz\service\frame_sinks\frame_sink_manager_impl.cc:1285] SurfaceAnimationManager missing for |transition_token| : (4CF5479C6DF8F5442B954DCF6E747753)
[0929/094304.752:ERROR:components\viz\service\transitions\surface_animation_manager.cc:274] No SurfaceAnimationManager for token : 4CF5479C6DF8F5442B954DCF6E747753
[0929/094304.752:ERROR:components\viz\service\transitions\surface_animation_manager.cc:274] No SurfaceAnimationManager for token : 4CF5479C6DF8F5442B954DCF6E747753
[0929/094304.815:ERROR:components\viz\service\transitions\surface_animation_manager.cc:274] No SurfaceAnimationManager for token : 4CF5479C6DF8F5442B954DCF6E747753
[0929/094304.815:ERROR:components\viz\service\transitions\surface_animation_manager.cc:274] No SurfaceAnimationManager for token : 4CF5479C6DF8F5442B954DCF6E747753
[0929/094304.873:ERROR:components\viz\service\transitions\surface_animation_manager.cc:274] No SurfaceAnimationManager for token : 4CF5479C6DF8F5442B954DCF6E747753
[0929/094304.873:ERROR:components\viz\service\transitions\surface_animation_manager.cc:274] No SurfaceAnimationManager for token : 4CF5479C6DF8F5442B954DCF6E747753
[0929/094304.930:ERROR:components\viz\service\transitions\surface_animation_manager.cc:274] No SurfaceAnimationManager for token : 4CF5479C6DF8F5442B954DCF6E747753
[0929/094304.930:ERROR:components\viz\service\transitions\surface_animation_manager.cc:274] No SurfaceAnimationManager for token : 4CF5479C6DF8F5442B954DCF6E747753
[0929/094304.942:ERROR:components\viz\service\transitions\surface_animation_manager.cc:274] No SurfaceAnimationManager for token : 4CF5479C6DF8F5442B954DCF6E747753
[0929/094304.942:ERROR:components\viz\service\transitions\surface_animation_manager.cc:274] No SurfaceAnimationManager for token : 4CF5479C6DF8F5442B954DCF6E747753
[0929/094304.995:ERROR:components\viz\service\transitions\surface_animation_manager.cc:274] No SurfaceAnimationManager for token : 4CF5479C6DF8F5442B954DCF6E747753
[0929/094304.995:ERROR:components\viz\service\transitions\surface_animation_manager.cc:274] No SurfaceAnimationManager for token : 4CF5479C6DF8F5442B954DCF6E747753
[0929/094305.047:ERROR:components\viz\service\transitions\surface_animation_manager.cc:274] No SurfaceAnimationManager for token : 4CF5479C6DF8F5442B954DCF6E747753
[0929/094305.096:ERROR:components\viz\service\transitions\surface_animation_manager.cc:274] No SurfaceAnimationManager for token : 4CF5479C6DF8F5442B954DCF6E747753
[1004/230908.791:ERROR:gpu\command_buffer\service\gl_utils.cc:430] [.WebGL-0x48bc064d9000]GL Driver Message (OpenGL, Performance, GL_CLOSE_PATH_NV, High): GPU stall due to ReadPixels
[1004/230909.007:ERROR:gpu\command_buffer\service\gl_utils.cc:430] [.WebGL-0x48bc064d9000]GL Driver Message (OpenGL, Performance, GL_CLOSE_PATH_NV, High): GPU stall due to ReadPixels
[1004/230909.094:ERROR:gpu\command_buffer\service\gl_utils.cc:430] [.WebGL-0x48bc064d9000]GL Driver Message (OpenGL, Performance, GL_CLOSE_PATH_NV, High): GPU stall due to ReadPixels
[1004/230909.161:ERROR:gpu\command_buffer\service\gl_utils.cc:430] [.WebGL-0x48bc064d9000]GL Driver Message (OpenGL, Performance, GL_CLOSE_PATH_NV, High): GPU stall due to ReadPixels (this message will no longer repeat)
[1004/231114.061:ERROR:gpu\command_buffer\service\gl_utils.cc:430] [.WebGL-0x344c022c2000]GL Driver Message (OpenGL, Performance, GL_CLOSE_PATH_NV, High): GPU stall due to ReadPixels
[1004/231114.243:ERROR:gpu\command_buffer\service\gl_utils.cc:430] [.WebGL-0x344c022c2000]GL Driver Message (OpenGL, Performance, GL_CLOSE_PATH_NV, High): GPU stall due to ReadPixels
[1004/231114.324:ERROR:gpu\command_buffer\service\gl_utils.cc:430] [.WebGL-0x344c022c2000]GL Driver Message (OpenGL, Performance, GL_CLOSE_PATH_NV, High): GPU stall due to ReadPixels
[1004/231114.381:ERROR:gpu\command_buffer\service\gl_utils.cc:430] [.WebGL-0x344c022c2000]GL Driver Message (OpenGL, Performance, GL_CLOSE_PATH_NV, High): GPU stall due to ReadPixels (this message will no longer repeat)
[1004/232630.285:ERROR:components\viz\service\frame_sinks\frame_sink_manager_impl.cc:1285] SurfaceAnimationManager missing for |transition_token| : (4A70C3BE9DF523E4275283213BEB6EA0)
[1004/232630.286:ERROR:components\viz\service\transitions\surface_animation_manager.cc:274] No SurfaceAnimationManager for token : 4A70C3BE9DF523E4275283213BEB6EA0
[1004/232630.286:ERROR:components\viz\service\transitions\surface_animation_manager.cc:274] No SurfaceAnimationManager for token : 4A70C3BE9DF523E4275283213BEB6EA0
[1004/232630.355:ERROR:components\viz\service\transitions\surface_animation_manager.cc:274] No SurfaceAnimationManager for token : 4A70C3BE9DF523E4275283213BEB6EA0
[1004/232630.355:ERROR:components\viz\service\transitions\surface_animation_manager.cc:274] No SurfaceAnimationManager for token : 4A70C3BE9DF523E4275283213BEB6EA0
[1004/232630.471:ERROR:components\viz\service\transitions\surface_animation_manager.cc:274] No SurfaceAnimationManager for token : 4A70C3BE9DF523E4275283213BEB6EA0
[1004/232630.471:ERROR:components\viz\service\transitions\surface_animation_manager.cc:274] No SurfaceAnimationManager for token : 4A70C3BE9DF523E4275283213BEB6EA0
[1004/232630.569:ERROR:components\viz\service\transitions\surface_animation_manager.cc:274] No SurfaceAnimationManager for token : 4A70C3BE9DF523E4275283213BEB6EA0
[1004/232630.569:ERROR:components\viz\service\transitions\surface_animation_manager.cc:274] No SurfaceAnimationManager for token : 4A70C3BE9DF523E4275283213BEB6EA0
[1004/232630.671:ERROR:components\viz\service\transitions\surface_animation_manager.cc:274] No SurfaceAnimationManager for token : 4A70C3BE9DF523E4275283213BEB6EA0
[1004/232630.794:ERROR:components\viz\service\transitions\surface_animation_manager.cc:274] No SurfaceAnimationManager for token : 4A70C3BE9DF523E4275283213BEB6EA0
[1004/232630.912:ERROR:components\viz\service\transitions\surface_animation_manager.cc:274] No SurfaceAnimationManager for token : 4A70C3BE9DF523E4275283213BEB6EA0
[1004/232636.407:ERROR:components\viz\service\frame_sinks\frame_sink_manager_impl.cc:1285] SurfaceAnimationManager missing for |transition_token| : (1BDFBE9D88B5F20F8C34FA419593ED85)
[1004/232636.407:ERROR:components\viz\service\transitions\surface_animation_manager.cc:274] No SurfaceAnimationManager for token : 1BDFBE9D88B5F20F8C34FA419593ED85
[1004/232636.408:ERROR:components\viz\service\transitions\surface_animation_manager.cc:274] No SurfaceAnimationManager for token : 1BDFBE9D88B5F20F8C34FA419593ED85
[1004/232636.645:ERROR:components\viz\service\transitions\surface_animation_manager.cc:274] No SurfaceAnimationManager for token : 1BDFBE9D88B5F20F8C34FA419593ED85
[1004/232636.645:ERROR:components\viz\service\transitions\surface_animation_manager.cc:274] No SurfaceAnimationManager for token : 1BDFBE9D88B5F20F8C34FA419593ED85
[1004/232636.752:ERROR:components\viz\service\transitions\surface_animation_manager.cc:274] No SurfaceAnimationManager for token : 1BDFBE9D88B5F20F8C34FA419593ED85
[1004/232636.752:ERROR:components\viz\service\transitions\surface_animation_manager.cc:274] No SurfaceAnimationManager for token : 1BDFBE9D88B5F20F8C34FA419593ED85
[1004/232636.764:ERROR:components\viz\service\transitions\surface_animation_manager.cc:274] No SurfaceAnimationManager for token : 1BDFBE9D88B5F20F8C34FA419593ED85
[1004/232636.764:ERROR:components\viz\service\transitions\surface_animation_manager.cc:274] No SurfaceAnimationManager for token : 1BDFBE9D88B5F20F8C34FA419593ED85
[1004/232636.850:ERROR:components\viz\service\transitions\surface_animation_manager.cc:274] No SurfaceAnimationManager for token : 1BDFBE9D88B5F20F8C34FA419593ED85
[1004/232636.850:ERROR:components\viz\service\transitions\surface_animation_manager.cc:274] No SurfaceAnimationManager for token : 1BDFBE9D88B5F20F8C34FA419593ED85
[1004/232636.946:ERROR:components\viz\service\transitions\surface_animation_manager.cc:274] No SurfaceAnimationManager for token : 1BDFBE9D88B5F20F8C34FA419593ED85
[1004/232636.946:ERROR:components\viz\service\transitions\surface_animation_manager.cc:274] No SurfaceAnimationManager for token : 1BDFBE9D88B5F20F8C34FA419593ED85
[1004/232637.055:ERROR:components\viz\service\transitions\surface_animation_manager.cc:274] No SurfaceAnimationManager for token : 1BDFBE9D88B5F20F8C34FA419593ED85
[1004/232637.055:ERROR:components\viz\service\transitions\surface_animation_manager.cc:274] No SurfaceAnimationManager for token : 1BDFBE9D88B5F20F8C34FA419593ED85
[1004/232637.159:ERROR:components\viz\service\transitions\surface_animation_manager.cc:274] No SurfaceAnimationManager for token : 1BDFBE9D88B5F20F8C34FA419593ED85
[1004/232637.159:ERROR:components\viz\service\transitions\surface_animation_manager.cc:274] No SurfaceAnimationManager for token : 1BDFBE9D88B5F20F8C34FA419593ED85
[1004/232637.275:ERROR:components\viz\service\transitions\surface_animation_manager.cc:274] No SurfaceAnimationManager for token : 1BDFBE9D88B5F20F8C34FA419593ED85
[1004/232637.275:ERROR:components\viz\service\transitions\surface_animation_manager.cc:274] No SurfaceAnimationManager for token : 1BDFBE9D88B5F20F8C34FA419593ED85
[1004/232637.296:ERROR:components\viz\service\transitions\surface_animation_manager.cc:274] No SurfaceAnimationManager for token : 1BDFBE9D88B5F20F8C34FA419593ED85
[1004/232637.296:ERROR:components\viz\service\transitions\surface_animation_manager.cc:274] No SurfaceAnimationManager for token : 1BDFBE9D88B5F20F8C34FA419593ED85
[1004/232637.411:ERROR:components\viz\service\transitions\surface_animation_manager.cc:274] No SurfaceAnimationManager for token : 1BDFBE9D88B5F20F8C34FA419593ED85
[1004/232637.501:ERROR:components\viz\service\transitions\surface_animation_manager.cc:274] No SurfaceAnimationManager for token : 1BDFBE9D88B5F20F8C34FA419593ED85
[1004/232637.507:ERROR:components\viz\service\transitions\surface_animation_manager.cc:274] No SurfaceAnimationManager for token : 1BDFBE9D88B5F20F8C34FA419593ED85
[1004/232637.604:ERROR:components\viz\service\transitions\surface_animation_manager.cc:274] No SurfaceAnimationManager for token : 1BDFBE9D88B5F20F8C34FA419593ED85
[1004/232637.712:ERROR:components\viz\service\transitions\surface_animation_manager.cc:274] No SurfaceAnimationManager for token : 1BDFBE9D88B5F20F8C34FA419593ED85
[1004/232637.836:ERROR:components\viz\service\transitions\surface_animation_manager.cc:274] No SurfaceAnimationManager for token : 1BDFBE9D88B5F20F8C34FA419593ED85
[1004/232638.036:ERROR:components\viz\service\transitions\surface_animation_manager.cc:274] No SurfaceAnimationManager for token : 1BDFBE9D88B5F20F8C34FA419593ED85
[1004/232704.394:ERROR:components\viz\service\frame_sinks\frame_sink_manager_impl.cc:1285] SurfaceAnimationManager missing for |transition_token| : (37A42093FBCBE1CB10E6B3B1629C1DD9)
[1004/232704.394:ERROR:components\viz\service\transitions\surface_animation_manager.cc:274] No SurfaceAnimationManager for token : 37A42093FBCBE1CB10E6B3B1629C1DD9
[1004/232704.394:ERROR:components\viz\service\transitions\surface_animation_manager.cc:274] No SurfaceAnimationManager for token : 37A42093FBCBE1CB10E6B3B1629C1DD9
[1004/232704.438:ERROR:components\viz\service\transitions\surface_animation_manager.cc:274] No SurfaceAnimationManager for token : 37A42093FBCBE1CB10E6B3B1629C1DD9
[1004/232704.438:ERROR:components\viz\service\transitions\surface_animation_manager.cc:274] No SurfaceAnimationManager for token : 37A42093FBCBE1CB10E6B3B1629C1DD9
[1004/232704.547:ERROR:components\viz\service\transitions\surface_animation_manager.cc:274] No SurfaceAnimationManager for token : 37A42093FBCBE1CB10E6B3B1629C1DD9
[1004/232704.547:ERROR:components\viz\service\transitions\surface_animation_manager.cc:274] No SurfaceAnimationManager for token : 37A42093FBCBE1CB10E6B3B1629C1DD9
[1004/232704.728:ERROR:components\viz\service\transitions\surface_animation_manager.cc:274] No SurfaceAnimationManager for token : 37A42093FBCBE1CB10E6B3B1629C1DD9
[1004/232704.845:ERROR:components\viz\service\transitions\surface_animation_manager.cc:274] No SurfaceAnimationManager for token : 37A42093FBCBE1CB10E6B3B1629C1DD9
[1004/232827.048:ERROR:components\viz\service\frame_sinks\frame_sink_manager_impl.cc:1285] SurfaceAnimationManager missing for |transition_token| : (AA19E0569332D3CEDA9FC8906A5035C9)
[1004/232827.049:ERROR:components\viz\service\transitions\surface_animation_manager.cc:274] No SurfaceAnimationManager for token : AA19E0569332D3CEDA9FC8906A5035C9
[1004/232827.049:ERROR:components\viz\service\transitions\surface_animation_manager.cc:274] No SurfaceAnimationManager for token : AA19E0569332D3CEDA9FC8906A5035C9
[1004/232827.161:ERROR:components\viz\service\transitions\surface_animation_manager.cc:274] No SurfaceAnimationManager for token : AA19E0569332D3CEDA9FC8906A5035C9
[1004/232827.161:ERROR:components\viz\service\transitions\surface_animation_manager.cc:274] No SurfaceAnimationManager for token : AA19E0569332D3CEDA9FC8906A5035C9
[1004/232827.269:ERROR:components\viz\service\transitions\surface_animation_manager.cc:274] No SurfaceAnimationManager for token : AA19E0569332D3CEDA9FC8906A5035C9
[1004/232827.269:ERROR:components\viz\service\transitions\surface_animation_manager.cc:274] No SurfaceAnimationManager for token : AA19E0569332D3CEDA9FC8906A5035C9
[1004/232827.360:ERROR:components\viz\service\transitions\surface_animation_manager.cc:274] No SurfaceAnimationManager for token : AA19E0569332D3CEDA9FC8906A5035C9
[1004/232827.493:ERROR:components\viz\service\transitions\surface_animation_manager.cc:274] No SurfaceAnimationManager for token : AA19E0569332D3CEDA9FC8906A5035C9
[1004/232827.572:ERROR:components\viz\service\transitions\surface_animation_manager.cc:274] No SurfaceAnimationManager for token : AA19E0569332D3CEDA9FC8906A5035C9
